年度,代码,简称,行业,案例企业,入表期末,入表期初,测算入表额,总资产,营业收入,净利润,利润口径,净利润上期,归母净利润,归母净利润上期,研发费用,研发投入合计,研发投入资本化,经营状态,存量相对重要性%,相对重要性%,净利率%,净利率影响pp,还原后净利润,还原后净利率%,入表额占净利润绝对值%,盈亏反转,总资产对数,财务数据人工核对
2024,000034,神州数码,非金融,,14263205.68,0,14263205.68,45374215466.38,128166392637.76,777213469.9,净利润,1206377784.9,752694649.23,1171783006.53,376584179.17,408650874.76,38592353.31,下滑,0.03143460560892411,0.03143460560892411,0.6064097255952725,0.011128662815932153,762950264.22,0.5952810627793405,1.8351722187515833,0,24.538209839384816,
2024,000421,南京公用,非金融,,1227645.77,0,1227645.77,14414238022.03,6569468128.92,90692694.15,净利润,-103583145.62,45922644.29,-90274064.53,16901999.87,18136559.18,1234559.31,稳健,0.00851689675252849,0.00851689675252849,1.3805180628056353,0.01868714096649132,89465048.38000001,1.361830921839144,1.3536324855115134,0,23.391482306565404,
2024,000547,航天发展,非金融,,7859011.72,0,7859011.72,11338738911.98,1868864473.05,-1840348256.39,净利润,-2257064820.2,-1672729462.14,-1924185876.37,470764831.47,493300677.47,22535846,亏损,0.06931116221131543,0.06931116221131543,-98.47414207551063,0.42052336235885723,-1848207268.1100001,-98.89466543786949,0.42703937652627344,0,23.151490922005618,
2024,000598,兴蓉环境,非金融,,317152.37,0,317152.37,48448468554.45,9048669804.99,2054837409.34,净利润,1889497257.14,1996116861.08,1843412411.08,53211087.38,54880838.81,1669751.43,稳健,0.0006546179465787666,0.0006546179465787666,22.708723532013895,0.0035049612466254705,2054520256.97,22.705218570767272,0.015434426517564093,0,24.603766566000335,
2024,000652,泰达股份,非金融,,3669229.56,0,3669229.56,45382439119.8,19065984414.48,-203574712.43,净利润,40117008.84,114109814.71,182838149.83,36818215.73,36818215.73,0,亏损,0.008085130793243644,0.008085130793243644,-1.0677377469971683,0.019244899608820296,-207243941.99,-1.0869826466059886,1.8023994808597261,0,24.5383910636373,
2024,000783,长江证券,金融,,872502.77,0,872502.77,171771514867.14,6795252314.95,1836611656.3,净利润,,1834953886.0,,,,,稳健,0.0005079438058602755,0.0005079438058602755,27.02786550337997,0.012839887756344778,1835739153.53,27.015025615623628,0.04750611088670351,0,25.869431028716612,财务报表页无文字层，程序未找到报表。总资产、营业总收入取 2024 年报「主要会计数据」（p21-22）；净利润、归母净利润取 2025 年报利润表上期数（p151），归母净利润与 2024 年报分季度数据合计一致
2024,000876,新希望,非金融,,4416276.52,0,4416276.52,117913645385.32,103062962254.34,201622562.37,净利润,-955424363.87,473599068.1,249195333.87,249645874.91,270282343.04,,稳健,0.0037453481363996714,0.0037453481363996714,0.19563047476981446,0.0042850277378030915,197206285.85,0.19134544703201137,2.1903682147911785,0,25.49321837473353,
2024,001289,龙源电力,非金融,,2408385.7,0,2408385.7,257106196386.24,37069646589.64,8280706894.89,净利润,6832493336.36,6345287410.55,6303392180.47,208885801.42,522996238.21,,稳健,0.0009367279878319159,0.0009367279878319159,22.338240735222552,0.006496921124338643,8278298509.190001,22.331743814098214,0.029084300779758404,0,26.272755052002275,
2024,001872,招商港口,非金融,,6251120.27,0,6251120.27,201517851881.45,16130778028.24,8878506309.91,净利润,7495612085.76,4516301317.16,3571800762.16,201755066.36,250109688.37,,稳健,0.0031020181148404867,0.0031020181148404867,55.04078163103158,0.038752751163373664,8872255189.64,55.002028879868206,0.07040734163834103,0,26.02914380935401,
2024,002044,美年健康,非金融,,9352018.63,0,9352018.63,20126714816.93,10701990901.1,408989821.48,净利润,668823476.43,282237728.37,505621135.98,54961812.76,110197101.11,55235288.35,下滑,0.04646569852588838,0.04646569852588838,3.8216237077716273,0.08738578378943264,399637802.85,3.734237923982195,2.2866140277423317,0,23.725313864915677,
2024,002061,浙江交科,非金融,,186680.51,0,186680.51,78570776490.35,47772002183.64,1406047396.67,净利润,1466240847.4,1310029339.31,1347545731.23,1168218300.38,1168218300.38,,下滑,0.0002375953482182118,0.0002375953482182118,2.9432456928747173,0.0003907738873543187,1405860716.16,2.9428549189873627,0.013276971348343103,0,25.08726566686945,
2024,002065,东华软件,非金融,,958850.35,0,958850.35,24547290185.26,13322600710.32,421929114.72,净利润,636080613.91,499706775.83,438433523.3,971563375.22,1087770149.96,1000539.5,稳健,0.003906135230257572,0.003906135230257572,3.1670176408812116,0.007197170964204098,420970264.37,3.1598204699170074,0.22725389563038587,0,23.92386730567554,
2024,002120,韵达股份,非金融,,7968627.26,0,7968627.26,39317902525.22,48543032234.43,1947087161.26,净利润,1648971687.27,1913919697.38,1625122877.75,263293918.95,292533329.51,29239410.56,稳健,0.02026717283529715,0.02026717283529715,4.0110538457031,0.01641559435660492,1939118534.0,3.9946382513464953,0.4092588877656272,0,24.394945787089934,
2024,002142,宁波银行,金融,,6000000,0,6000000,3125232000000,66631000000,27221000000,净利润,25609000000,27127000000.0,25535000000.0,,,,稳健,0.00019198574697814436,0.00019198574697814436,40.85335654575198,0.009004817577403911,27215000000,40.84435172817457,0.022041805958634877,0,28.77052963636126,利润表「其中：归属于母公司股东 / 的净利润」折成两行（p92）；与主要会计数据（p9）一致
2024,002152,广电运通,非金融,,3791969.47,0,3791969.47,28094088762.22,10866361487.45,1156892319.41,净利润,1271552319.5,919826746.43,976919979.04,940520825.7,1038752385.54,3856240.14,下滑,0.013497392644033058,0.013497392644033058,10.64654733551927,0.034896404600376116,1153100349.94,10.611650930918891,0.3277720325720422,0,24.058825026822625,
2024,002230,科大讯飞,非金融,,61740857.32,0,61740857.32,41478899803.2,23343093018.69,507033632.21,净利润,613146459.21,560162663.16,657312908.24,3891601383.59,4580118447.89,1996233407.86,下滑,0.1488488306414454,0.1488488306414454,2.1720927548206053,0.2644930441332957,445292774.89,1.9075997106873097,12.17687612770203,0,24.448450696407285,
2024,002238,天威视讯,非金融,,1120013.07,0,1120013.07,4174415166.23,1302955854.64,-5709157.77,净利润,118511910.9,-2809482.57,125070447.6,62955858.59,62955858.59,,亏损,0.026830418762863656,0.026830418762863656,-0.4381697008128806,0.08595940269284517,-6829170.84,-0.5241291035057258,19.617833577578644,0,22.152240105492208,
2024,002347,泰尔股份,非金融,,3842179.24,0,3842179.24,2566791973.96,1074313289.54,19820677.47,净利润,-38724890.87,14590450.22,-42515451.61,64047798.91,67988856.61,3941057.7,稳健,0.1496879871442155,0.1496879871442155,1.8449625135407968,0.35764048321929875,15978498.229999999,1.4873220303214978,19.384701889304292,0,21.66592269696961,
2024,002401,中远海科,非金融,,8320756.3,0,8320756.3,2879902940.65,1796525697.1,129225237.64,净利润,189876234.33,127610562.6,189344093.94,101205612.21,101205612.21,,下滑,0.2889248864103034,0.2889248864103034,7.1930636922477005,0.46315821217762637,120904481.34,6.729905480070075,6.43895608316097,0,21.781022429363173,
2024,002410,广联达,非金融,,16695907.11,0,16695907.11,10231495208.25,6239623546.78,270609659.95,净利润,119268145.7,250424298.94,115837537.09,1768805121.64,1805325661.16,292446575.13,稳健,0.16318149762253248,0.16318149762253248,4.336954912763126,0.2675787567122705,253913752.83999997,4.069376156050855,6.169738032664787,0,23.04873656539396,
2024,002465,海格通信,非金融,,1332816.62,0,1332816.62,20529820331.22,4919678309.84,106883155.69,净利润,733172912.98,53135821.24,703007272.64,945316433.2,946864220.25,1547787.05,下滑,0.006492100751476945,0.006492100751476945,2.172563914925488,0.02709154005728774,105550339.07,2.1454723748682003,1.2469847202730922,0,23.745144316415335,
2024,002468,申通快递,非金融,,1965759.65,0,1965759.65,25312149866.51,47169493265.65,1026357985.49,净利润,333352583.02,1039952625.12,340696536.7,178196911.07,301163798.89,122966887.82,稳健,0.007766071473055149,0.007766071473055149,2.175893600785021,0.004167438558072268,1024392225.84,2.1717261622269493,0.19152768115907573,0,23.954550349283327,
2024,002609,捷顺科技,非金融,,3757021.32,0,3757021.32,3691161261.49,1578851662.78,36480948.41,净利润,124595194.14,31386543.4,112265763.62,116823964.06,154245302.81,,下滑,0.10178426391707998,0.10178426391707998,2.3106001196949255,0.23795910715163301,32723927.089999996,2.072641012543292,10.298584559194579,0,22.029206950500452,
2024,002625,光启技术,非金融,,2319182.39,0,2319182.39,9919567934.64,1557763940.5,651899767.42,净利润,583138808.32,651967766.93,583302405.68,96151239.51,125326654.33,,稳健,0.02337987304770818,0.02337987304770818,41.84843097669585,0.14887893664142757,649580585.03,41.69955204005443,0.3557575114926861,0,23.01777520231884,
2024,002967,广电计量,非金融,,748290.09,0,748290.09,6554677297.8,3206843016.46,359417280.63,净利润,206187362.86,352109923.29,199390515.47,346413972.83,354176574.76,,稳健,0.011416124028732195,0.011416124028732195,11.207822733610357,0.023334166535723642,358668990.54,11.184488567074634,0.20819535685328464,0,22.603444723018892,
2024,300058,蓝色光标,非金融,,6543103.89,0,6543103.89,22371124234.6,60796916156.95,-296941481.37,净利润,111722981.77,-290675602.27,116588008.53,53935118.45,53935118.45,,亏损,0.02924798870805159,0.02924798870805159,-0.48841536732460594,0.010762229901774426,-303484585.26,-0.4991775972263803,2.203499443665485,0,23.8310368675379,
2024,300075,数字政通,非金融,,9221015.25,0,9221015.25,4359134803.69,713334334.94,-395341212.25,净利润,133747419.46,-395700518.18,134384220.22,99330540.09,153939802.97,,亏损,0.21153315199599765,0.21153315199599765,-55.42158745004934,1.2926638741952043,-404562227.5,-56.71425132424454,2.3324194301728784,0,22.195539435094986,
2024,300226,上海钢联,非金融,,2158365.7,0,2158365.7,21797969443.86,81335445965.19,295710985.8,净利润,420125491.05,161351547.32,240343898.44,116946966.16,119242469.5,,下滑,0.009901682381741128,0.009901682381741128,0.3635696371869143,0.0026536593909176312,293552620.1,0.36091597779599666,0.729890265713625,0,23.805082657626148,
2024,300229,拓尔思,非金融,拓尔思,39101610.24,0,39101610.24,4481824962.63,777034453.08,-97484694.28,净利润,33356650.94,-94145629.8,36465973.39,148413468.49,334152928.67,,亏损,0.8724484013997416,0.8724484013997416,-12.545736407644645,5.032159138505313,-136586304.52,-17.577895546149957,40.11051224891835,0,22.22329615815558,
2024,300364,中文在线,非金融,,7018865.77,0,7018865.77,1634392655.06,1159119215.32,-242617975.58,净利润,89981849.15,-242889520.02,89436870.73,61574501.64,76091595.4,,亏损,0.4294479510948568,0.4294479510948568,-20.93123574981199,0.6055344158937344,-249636841.35000002,-21.536770165705725,2.892970215096706,0,21.214537107490383,
2024,300597,吉大通信,非金融,,454496.51,0,454496.51,1510094215.45,533835253.16,5133056.67,净利润,3655997.38,4897115.57,3758238.66,20413573.64,29629629.59,,稳健,0.030097228725862145,0.030097228725862145,0.9615432176154036,0.08513797230693178,4678560.16,0.8764052453084719,8.854305323693222,0,21.135437880164545,
2024,300624,万兴科技,非金融,,17462755.16,0,17462755.16,1516485942.87,1439743390.5,-157420052.06,净利润,108285542.02,-163455868.14,86205745.95,442366797.33,442366797.33,,亏损,1.1515276644735102,1.1515276644735102,-10.933896491466477,1.2129074719304989,-174882807.22,-12.146803963396975,11.093094514632828,0,21.139661615593965,
2024,300676,华大基因,非金融,,9621670.97,0,9621670.97,12542286394.63,3866920764.06,-912101083.16,净利润,93681843.43,-902690862.44,92900396.47,606174523.75,676947547.75,,亏损,0.076713851583867,0.076713851583867,-23.58727108238848,0.24881996702456116,-921722754.13,-23.836091049413042,1.054890861072706,0,23.252371683651848,
2024,300766,每日互动,非金融,,43691049.03,0,43691049.03,1852840260.25,470363638.37,-68386566.36,净利润,-53157855.56,-64755232.21,-49931430.41,112925049.97,169963117.55,,亏损,2.3580580564513887,2.3580580564513887,-14.539084397974952,9.288781161189911,-112077615.39,-23.827865559164866,63.88835023534,0,21.33998557451641,
2024,300937,药易购,非金融,,1740369.83,0,1740369.83,1716503568.28,4380809520.01,15399908.62,净利润,56773626.42,16358248.01,59532026.96,15467329.87,18677848.43,,下滑,0.1013903997731805,0.1013903997731805,0.35153111655867764,0.03972712856038597,13659538.79,0.3118039879982916,11.301169850707856,0,21.263555249671395,
2024,300989,蕾奥规划,非金融,,1792241.39,0,1792241.39,1219965673.91,318794565.41,-47207639.17,净利润,42209009.81,-45314753,44057644.78,35602550.56,45309469.95,,亏损,0.1469091654239624,0.1469091654239624,-14.808169364269588,0.5621932066799845,-48999880.56,-15.370362570949576,3.7965071363682004,0,20.922088559156403,
2024,301078,孩子王,非金融,,9951914.26,0,9951914.26,9223881518.22,9336993574.53,204992920.8,净利润,120570279.44,181257558.13,105115485.47,39831142.11,51131415.44,,稳健,0.10789291081354321,0.10789291081354321,2.195491719724342,0.106585853150284,195041006.54000002,2.088905866574058,4.854759969837944,0,22.945061774884877,
2024,301103,何氏眼科,非金融,,905087.41,0,905087.41,2225440397.53,1095633818.01,-35275857.65,净利润,57789985.49,-27398159.61,63551557.35,18105528.86,18105528.86,,亏损,0.04067003596252453,0.04067003596252453,-3.2196758689022165,0.08260856822071361,-36180945.059999995,-3.30228443712293,2.565741757380065,0,21.52322066445292,
2024,301169,零点有数,非金融,,1238301.37,0,1238301.37,733230377.74,343457243,-71781278.3,净利润,-60012038.23,-71955679.9,-53281977.19,66991050.55,68429077.97,,亏损,0.16888298788393843,0.16888298788393843,-20.899625721388556,0.36054018228988116,-73019579.67,-21.260165903678438,1.7251035358059374,0,20.412970504795503,
2024,301299,卓创资讯,非金融,,32048196.08,0,32048196.08,938021700.98,294423005.01,70509540.76,净利润,52064657.06,70509540.76,52064657.06,22878900.15,22878900.15,,稳健,3.416572990424164,3.416572990424164,23.948380242095947,10.88508558592814,38461344.68000001,13.063294656167809,45.45228310177977,0,20.659283642076016,
2024,301339,苏交数智,非金融,,1141952.5,0,1141952.5,5524749228.98,895512715.11,229093330.24,净利润,209334989.24,209694232.87,190955063.59,60285168.77,61446476.4,,稳健,0.02066976169723511,0.02066976169723511,25.582364870370313,0.12751940656249963,227951377.74,25.454845463807814,0.49846606132255417,0,22.432503694900234,
2024,301428,世纪恒通,非金融,,2569296.9,0,2569296.9,2296585793.21,1209264621.98,60406771.35,净利润,79354720.9,61908800.77,80982019.59,38685881.48,43265313.81,,下滑,0.11187463179456597,0.11187463179456597,4.995331067495586,0.21246771412142523,57837474.45,4.782863353374161,4.2533259808132415,0,21.554689419277477,
2024,600008,首创环保,非金融,,1052047.7,0,1052047.7,111183026215.34,20049988923.69,4144467318.33,净利润,2090261450.31,3528057052.75,1609923557.46,176103194.08,177158031.47,1054837.39,稳健,0.000946230495617548,0.000946230495617548,20.670671360985732,0.005247123596946014,4143415270.63,20.665424237388788,0.025384388853714482,0,25.434443565163544,
2024,600012,皖通高速,非金融,,762704.92,0,762704.92,24414336538.24,7091832628.35,1690892949.2,净利润,1678370211.23,1668981126.49,1659928716.34,,,,稳健,0.0031240042866017706,0.0031240042866017706,23.842820859033818,0.010754694307801967,1690130244.28,23.83206616472601,0.04510663554193973,0,23.91843635974061,
2024,600017,日照港,非金融,,863623.5900000001,0,863623.5900000001,40309347527.85,8455944998.39,766037406.01,净利润,756658725.7,654879931.54,640692476.99,65394349.98,66292017.78,897667.8,稳健,0.0021424896282514045,0.0021424896282514045,9.059157860604019,0.010213212008408674,765173782.42,9.048944648595608,0.11273908861687183,0,24.419849227585022,
2024,600020,中原高速,非金融,,341916.7,0,341916.7,52201851102.38,6969109247.88,880629170.47,净利润,828641315.02,880390198.61,828427390.67,500000,6407300,4483000,稳健,0.0006549896081834755,0.0006549896081834755,12.636179734704072,0.004906175062530565,880287253.77,12.631273559641542,0.0388264108736616,0,24.67838379293767,
2024,600050,中国联通,非金融,,379199882,0,379199882,672836701609,389589219642,20600584260,净利润,18712664904,9029899018,8172679256,,13071790017,4236987275,稳健,0.05635838251587549,0.05635838251587549,5.287770611037497,0.09733325843781125,20221384378,5.190437352599686,1.8407239193515963,0,27.234768494665776,利润表页混入目录文字，营业收入行无法识别（p80）；取主要会计数据（p7）
2024,600075,新疆天业,非金融,,1770865.78,0,1770865.78,20526134902.68,11155938809.79,68477873.27,净利润,-861517906.27,68434985.31,-775403654.89,385264329.01,385264329.01,0,稳健,0.008627370853773285,0.008627370853773285,0.613824389301119,0.015873749490683473,66707007.489999995,0.5979506398104355,2.586040855880103,0,23.744964784431296,
2024,600100,同方股份,非金融,,93437068.72,0,93437068.72,51467018507.84,16801783043.91,202432552.96,净利润,-748626117.57,140615987.11,-764913415.18,859915783.06,1309494555.02,621418621.05,稳健,0.18154746754130838,0.18154746754130838,1.2048277997100671,0.5561140057326673,108995484.24000001,0.6487137939773998,46.15713597133898,0,24.664207022137838,
2024,600233,圆通速递,非金融,,10232576.04,0,10232576.04,48294063910,69032666856.95,3989215244.27,净利润,3751875317.12,4012333934.96,3722542259.96,168931472.92,245845500,76914000,稳健,0.02118806166130325,0.02118806166130325,5.778735526090106,0.014822802748159822,3978982668.23,5.763912723341947,0.25650598961030724,0,24.600574489637985,
2024,600282,南钢股份,非金融,,10323048.53,0,10323048.53,69106873262.66,61810635136.13,2192335392.02,净利润,2244646176.3,2260763334.01,2125293958.43,2436232234.23,2445807710.45,9575476.22,稳健,0.014937802916888406,0.014937802916888406,3.546857894586688,0.016701087939421443,2182012343.49,3.5301568066472657,0.47086994843833757,0,24.958920031118684,
2024,600350,山东高速,非金融,,2580164.9,0,2580164.9,161687852769.53,28494275610.16,4051499759.6,净利润,4157068774.66,3196128356.19,3297231623.96,487087757.25,487087757.25,0,下滑,0.0015957691662080325,0.0015957691662080325,14.218644527167365,0.009055028930372277,4048919594.7,14.20958949823699,0.0636841923509021,0,25.808933478688687,
2024,600415,小商品城,非金融,,26793140.84,0,26793140.84,39168460647.21,15737383922.24,3078248085.69,净利润,2681402614.79,3073677494.86,2676182133.26,23221388.47,52189500,28968100,稳健,0.06840488596507685,0.06840488596507685,19.56010033751438,0.1702515549750048,3051454944.85,19.389848782539374,0.8704022578477206,0,24.391137684572108,
2024,600547,山东黄金,非金融,,2350831.58,0,2350831.58,160659954188.36,82517993538.3,4439134082.28,净利润,2890632384.87,2951551189.32,2327750542.04,770411080.33,863240459.95,92829379.62,稳健,0.0014632343149082766,0.0014632343149082766,5.3795952760528705,0.0028488714754181244,4436783250.7,5.376746404577452,0.05295698522340152,0,25.802555882545516,
2024,600558,大西洋,非金融,,974333.07,0,974333.07,3169011689.23,3560737958.79,174298507.17,净利润,116134081.68,154978828.95,101313558.88,88043257.82,89059953.2,1016695.38,稳健,0.030745644558879535,0.030745644558879535,4.8950107867311194,0.027363234286723395,173324174.1,4.867647552444397,0.5590025329647235,0,21.876685606266253,
2024,600567,山鹰国际,非金融,,7680913.71,0,7680913.71,52055496537.72,29229256803.76,-494227818.25,净利润,101549537.2,-450645516.19,156227177.89,836416237.41,844097151.12,7680913.71,亏损,0.014755240504591715,0.014755240504591715,-1.6908668652376526,0.02627816971730852,-501908731.96,-1.7171450349549613,1.554124115715941,0,24.67557622754092,
2024,600597,光明乳业,非金融,,233241,0,233241,22931249017,24277783283,481887900,净利润,830565057,722044680,967330384,136811592,137044833,233241,下滑,0.001017131687101246,0.001017131687101246,1.9848925018514012,0.0009607178599510855,481654659,1.9839317839914505,0.04840150582739263,0,23.855766403200597,
2024,600601,方正科技,非金融,,890098.73,0,890098.73,7069108924.48,3481654488.91,257389895.46,净利润,135077224.15,257389895.46,135077224.15,177188977.83,198184064.18,20995086.35,稳健,0.012591385130842006,0.012591385130842006,7.392746646166517,0.02556539521182249,256499796.73000002,7.367181250954695,0.34581727787302624,0,22.679000272770228,
2024,600704,物产中大,非金融,,1231868.5,0,1231868.5,175878580897.81,599519559037.02,4977991035.35,净利润,5699659922.69,3079003701.43,3617056493.41,1234467742.67,1253947478.66,19479735.99,下滑,0.0007004084827792347,0.0007004084827792347,0.8303300468371562,0.00020547594843756093,4976759166.85,0.8301245708887186,0.024746298079931915,0,25.89305971264454,归母净利润行项目名折行（p170）；按诊断页原文行补录
2024,600733,北汽蓝谷,非金融,,11848700.66,0,11848700.66,41420900479.88,14511908803.67,-6872907069.53,净利润,-5365495233.68,-6948010578.76,-5399783744.02,1760454708.46,3191257788.95,,亏损,0.028605608576171466,0.028605608576171466,-47.36046210400572,0.08164811962574843,-6884755770.19,-47.44211022363146,0.17239721911168324,0,24.447051432896753,
2024,600790,轻纺城,非金融,,822820.14,0,822820.14,13007098660.96,949646995.85,148900293.87,净利润,227502492.12,140834088.19,214422572.21,5159965.48,6006294.77,846329.29,下滑,0.006325931412126854,0.006325931412126854,15.679541400194069,0.08664484209351063,148077473.73000002,15.592896558100561,0.5525980631833927,0,23.288761096219513,
2024,600810,神马股份,非金融,,31366800.6,0,31366800.6,28006077885.07,13968410639.05,134227635.38,净利润,268794606.38,33529751.5,149456379.11,,504816508.87,26772194,下滑,0.11199997632200258,0.11199997632200258,0.9609370661308745,0.22455525836497944,102860834.78,0.7363818077658951,23.368362640971977,0,24.05568739088984,"报表金额与项目名上下错位一行（p143-153）。总资产、归母净利润取主要会计数据（p9，上期为调整后数）；净利润按错位还原（=归母 33,529,751.50 + 少数股东 100,697,883.88）；研发费用无法确定，置空"
2024,600820,隧道股份,非金融,,251333.9,0,251333.9,172744134701.35,68815540736.38,2956036561.39,净利润,3180835581.15,2841024204.22,2945135638.56,2630605323.59,2690097853.65,59492530.06,下滑,0.00014549489650373396,0.00014549489650373396,4.295594468572216,0.0003652284023500085,2955785227.49,4.295229240169866,0.00850239483783031,0,25.875077346493043,
2024,600874,创业环保,非金融,,454099.24,0,454099.24,25154981695.71,4827453005.8,870661032.6,净利润,903442853.9,807210626.05,865207128.31,65289666.95,65743766.19,454099.24,下滑,0.0018052060044927139,0.0018052060044927139,18.035619022162084,0.009406600943694679,870206933.36,18.02621242121839,0.05215568665614356,0,23.948321793229322,
2024,600926,杭州银行,金融,,3274000,0,3274000,2112355860000,38381172000,16982563000,净利润,14383367000,16982563000,14383367000,,,,稳健,0.0001549928239837392,0.0001549928239837392,44.24711939489497,0.008530224142191385,16979289000,44.23858917075278,0.019278597700476657,0,28.378824961897173,
2024,600941,中国移动,非金融,中国移动,616000000,0,616000000,2072827000000.0,1040759000000,138526000000,净利润,131935000000,138373000000,131766000000,28163000000,34027000000,5864000000,稳健,0.02971786839905115,0.02971786839905115,13.310093883406246,0.05918757368420546,137910000000,13.250906309722039,0.44468186477628746,0,28.359934491968218,资产总计行金额排在下一行（p94）；取主要会计数据（p8）
2024,600958,东方证券,金融,,4104323.92,0,4104323.92,417736375414.01,19190102816.95,3350447340.65,净利润,2756603710.82,3350208782.4,2753755356.48,,,,稳健,0.000982515328221606,0.000982515328221606,17.459246428271648,0.02138771198440262,3346343016.73,17.437858716287245,0.12250077385796922,0,26.758116389680627,
2024,600970,中材国际,非金融,,6550976.04,0,6550976.04,58745857082.89,46127315928.42,3223156216.86,净利润,3186119634.28,2983121239.24,2915811638.72,1763030894.04,1769926700,6895800,稳健,0.011151383885261249,0.011151383885261249,6.987521714598934,0.014201945004053028,3216605240.82,6.973319769594881,0.2032472396383556,0,24.796486469746146,
2024,600998,九州通,非金融,,14614070.05,0,14614070.05,102395867613.5,151809798857.35,2786438947.55,净利润,2289661075.72,2507391943.72,2174042838.43,146701969.88,345854313.55,199152343.67,稳健,0.0142721287397669,0.0142721287397669,1.8354802974005073,0.00962656571578248,2771824877.5,1.8258537316847248,0.5244712094930177,0,25.352112193400608,归母净利润行项目名折行（p167）；与 2025 年报上期数一致
2024,601066,中信建投,金融,,2029016.63,0,2029016.63,566418217793.53,21128745039.45,7235527663.64,净利润,7047345927.09,7223221368.58,7034486447.93,,,,稳健,0.00035821881540180515,0.00035821881540180515,34.244947582690635,0.009603110010611482,7233498647.01,34.235344472680026,0.028042414103344824,0,27.062598542992156,项目名前有「-」号（p175）；与 2025 年报上期数一致
2024,601211,国泰海通,金融,,6328474,0,6328474,1047745412851,43397126485,13548760246,净利润,9885417208,13024084673,9374143632,,,,稳健,0.0006040087527350476,0.0006040087527350476,31.220408684623536,0.014582702848280532,13542431772,31.205825981775252,0.04670887878371274,0,27.677661745647043,
2024,601298,青岛港,非金融,,186707,0,186707,62749753460,18940998482,5732264385,净利润,5517664071,5234897470,4923321689,104984525,195330347,90345822,稳健,0.00029754220487737356,0.00029754220487737356,30.263792008892683,0.0009857294491493218,5732077678,30.26280627944353,0.0032571247147736015,0,24.862420486026284,
2024,601368,绿城水务,非金融,,407820.84,0,407820.84,23409467812.65,2477672499.14,87934594.38,净利润,73515922.66,87934594.38,73515922.66,6589421.6,7014988.58,425566.98,稳健,0.0017421192282706312,0.0017421192282706312,3.5490806153969943,0.01645983640459159,87526773.53999999,3.5326207789924027,0.4637774733316511,0,23.87640638485678,
2024,601588,北辰实业,非金融,,43823,0,43823,48841884791,7152407232,-3420679738,净利润,-63432629,-2827464028,68064279,13140978,16871594,3730616,亏损,8.97242196682696e-05,8.97242196682696e-05,-47.825572944110576,0.0006127028086982395,-3420723561,-47.82618564691927,0.0012811196416073255,0,24.611854076578613,
2024,601665,齐鲁银行,金融,,4058000,0,4058000,689539360000,12495810000,4944763000,净利润,4269083000,4986289000,4233751000,,,,稳健,0.000588508827110319,0.000588508827110319,39.571368322661755,0.03247488558164697,4940705000,39.538893437080105,0.08206662280881813,0,27.25928961739458,
2024,601727,上海电气,非金融,,221000,0,221000,302504988000,116186116000,2695410000,净利润,2673117000,752480000,803346000,5664514000,5694000000,29000000,下滑,7.30566465899068e-05,7.30566465899068e-05,2.3199071393349615,0.0001902120559740546,2695189000,2.3197169272789875,0.00819912369546748,0,26.43536360353756,
2024,601728,中国电信,非金融,,371186439.06,0,371186439.06,866625200722.04,523568920041.49,32975024699.84,净利润,30428412199.13,33012069907.9,30445686138.83,14526872770.77,17792106292.57,3265233521.8,稳健,0.042831253781997244,0.042831253781997244,6.298124934006187,0.07089543035338795,32603838260.78,6.2272295036528,1.1256593207701253,0,27.487872425822527,附注编号「五(39)/十六(5)」未识别（p90）；与主要会计数据一致
2024,601800,中国交建,非金融,,6706376,0,6706376,1858272592553,771944258710,23384093178,归母净利润,,23384093178,23816263046,,26393494686,395730678,下滑,0.00036089301574352995,0.00036089301574352995,3.0292463366561306,0.0008687642824375764,23377386802,3.028377572373693,0.02867922202050336,0,28.25066845845073,程序误取追溯调整表（p219），作废。总资产、营业收入、归母净利润取主要会计数据（p13，上期为调整后数）；净利润置空
2024,601818,光大银行,金融,,18090000,0,18090000,6959021000000,135415000000,41911000000,净利润,41076000000,41696000000,40792000000,,,,稳健,0.0002599503579598337,0.0002599503579598337,30.950042462061074,0.013358933648414135,41892910000,30.936683528412658,0.0431628927966405,0,29.57105991946166,
2024,601929,吉视传媒,非金融,,4410000,0,4410000,13072785903.05,1981768513.18,-474689192.91,净利润,-646293110.12,-464769221.19,-642891788.3,135346288.86,135346288.86,9349054.07,亏损,0.033734201972749414,0.033734201972749414,-23.952807290711302,0.22252851282431535,-479099192.91,-24.175335803535617,0.9290289448060229,0,23.293798494359212,资产总计行金额错位（p92）；取 2025 年报主要会计数据中的 2024、2023 年末数
2024,601998,中信银行,金融,,4940000,0,4940000,9532722000000,213646000000,69468000000,净利润,68062000000,68576000000,67016000000,,,,稳健,5.182150491748317e-05,5.182150491748317e-05,32.51546951499209,0.0023122361289235464,69463060000,32.51315727886316,0.007111187885069385,0,29.88575141715597,
2024,603000,人民网,非金融,,5450546.87,0,5450546.87,5426381535.35,2087800889.6,222176522.41,净利润,334452578.58,209230110.79,331244269.04,115222773.7,125766096.33,10543322.63,下滑,0.10044533054840644,0.10044533054840644,10.641652827945993,0.26106641189544977,216725975.54,10.380586416050544,2.453250600412978,0,22.41453836484636,
2024,603018,华设集团,非金融,,637837.94,0,637837.94,12987402901.13,4428077948.98,392204284.65,净利润,713710215.22,382629794.19,697843721.18,201158007.98,201795845.92,637837.94,下滑,0.004911204687000997,0.004911204687000997,8.857212749390367,0.014404397288149025,391566446.71,8.842808352102217,0.1626290086476749,0,23.28724571701118,
2024,603209,兴通股份,非金融,,196934.08,0,196934.08,4360442483.42,1514738411.33,356656714.51,净利润,260965142.69,350416337.39,252195885.62,1281886.81,1496723.99,214837.18,稳健,0.004516378343455177,0.004516378343455177,23.545762875111972,0.013001194036340842,356459780.43,23.53276168107563,0.05521670334191292,0,22.19583937618083,
2024,603213,镇洋发展,非金融,,958318.58,0,958318.58,3270584123.39,2899124680.92,191095814.08,净利润,249547028.81,191082639.48,248832193.78,60766474.48,60766474.48,,下滑,0.029301144500349718,0.029301144500349718,6.591500370358622,0.03305544553868204,190137495.5,6.5584449248199395,0.5014859088429907,0,21.90823443690907,
2024,603237,五芳斋,非金融,,1000367.12,0,1000367.12,2258652695.2,2251355040.37,140873475.72,净利润,163844225.51,142141306.84,165737581.93,26466109.93,27495058.97,1028949.04,下滑,0.0442904357153245,0.0442904357153245,6.257274983018586,0.04443400094885053,139873108.6,6.212840982069736,0.7101174404103785,0,21.53803431989464,
2024,603357,设计总院,非金融,,447239.58,0,447239.58,7016113036.69,3531895434.39,521856883.17,净利润,493885696.32,513099517.39,488291448.39,192118608.74,192655296.24,536687.5,稳健,0.006374463718888355,0.006374463718888355,14.775547375743045,0.012662877152172644,521409643.59000003,14.762884498590873,0.08570157727598801,0,22.671475203159314,
2024,603698,航天工程,非金融,,721156.84,0,721156.84,8524314639.39,3409721109.49,227826788.49,净利润,187158325.77,189206363.11,187158325.77,,246711585.38,,稳健,0.008459997906079238,0.008459997906079238,6.681683961069666,0.02115002420558276,227105631.65,6.660533936864084,0.31653733293600533,0,22.86618846267775,归母净利润行项目名折行（p76）；与 2025 年报上期数一致
2024,603882,金域医学,非金融,,7008256.02,0,7008256.02,10391893742.49,7189544739.91,-414703700.92,净利润,636908511.03,-381241138.69,643382149.84,400469423.29,407689901.03,7220477.74,亏损,0.06743964279912616,0.06743964279912616,-5.768149666249818,0.0974784395053049,-421711956.94,-5.865628105755123,1.6899429651706808,0,23.064291891328832,
2024,605006,山东玻纤,非金融,,435157.24,0,435157.24,7138031412.86,2005856805.47,-98930537.6,净利润,105339606.41,-98930537.6,105339606.41,95100905.88,95100905.88,0,亏损,0.006096320047233377,0.006096320047233377,-4.932083752450075,0.021694332258081435,-99365694.83999999,-4.953778084708157,0.4398613922017139,0,22.688702862797637,报表金额与项目名错位（p118、p124）；总资产取主要会计数据（p7），净利润取持续经营净利润行，与 2025 年报上期数一致
2024,605266,健之佳,非金融,,5449659.76,0,5449659.76,10623265828.75,9282846172.38,127957923.76,净利润,414485465.84,128126430.37,414411521.16,,5449659.76,5449659.76,下滑,0.05129928825890296,0.05129928825890296,1.3784341718461686,0.058706776551084215,122508264.0,1.3197273952950843,4.258946691118146,0,23.086312322318044,
2024,605268,王力安防,非金融,,1047502.87,0,1047502.87,4387663593.27,3122437416.36,136205342.93,净利润,51126325.45,138840967.44,54642932.42,78019843.76,78019843.76,,稳健,0.0238738191233874,0.0238738191233874,4.36214805191459,0.03354760177134736,135157840.06,4.3286004501432425,0.7690615121745576,0,22.202062711258666,
2024,688051,佳华科技,非金融,,4138963.93,0,4138963.93,1026321194.98,300429342.89,-105902792.52,净利润,-213517451.17,-103162840.88,-208283678.61,48490698.64,52629662.57,4138963.93,亏损,0.4032815409293634,0.4032815409293634,-35.25048236009874,1.3776829820233145,-110041756.45,-36.62816534212205,3.9082670357520053,0,20.74924659023939,
2024,688066,航天宏图,非金融,,44910180.71,0,44910180.71,4773096881.2,1575271317.38,-1394088788.15,净利润,-376209372.58,-1392889049.16,-374205669.01,311648411.72,361823646.59,50175234.87,亏损,0.9409023497279019,0.9409023497279019,-88.49832868592162,2.850948926353516,-1438998968.8600001,-91.34927761227513,3.221472053411837,0,22.286261172522398,归母净利润行项目名折行（p142）；与 2025 年报上期数一致
2024,688228,开普云,非金融,开普云,21663803.94,0,21663803.94,1974500221.78,617602564.09,15392116.04,净利润,59855765.99,20586786.42,41153782.74,82781280.83,105691713.19,22910432.36,下滑,1.0971791089732172,1.0971791089732172,2.4922364211164427,3.507725712233774,-6271687.900000002,-1.015489291117331,140.74610588759572,1,21.40358115101308,
2024,688400,凌云光,非金融,,155958.73,0,155958.73,5458597353.56,2233776309.22,100571099.07,净利润,150071966.59,107065006.86,163934934.32,410181323.65,444343264.18,34161940.53,下滑,0.0028571209762941483,0.0028571209762941483,4.502290522774766,0.006981841886149217,100415140.33999999,4.495308680888616,0.15507310891715406,0,22.420457698747683,
2024,688615,合合信息,非金融,,45513894.66,0,45513894.66,3488458463.72,1438142957.3,400529813.97,净利润,323180990.71,400530081.22,323181252.94,390473020.88,441199376.21,50726355.33,稳健,1.3046993430864928,1.3046993430864928,27.850486763983685,3.164768455665127,355015919.31000006,24.68571830831856,11.363422415143614,0,21.972725774642324,
2024,688676,金盘科技,非金融,,2779001.67,0,2779001.67,9616022655.06,6900859224.75,570511413.38,净利润,502005478.49,574421452.41,504660243.92,352819362.38,355625807.12,2806444.74,稳健,0.028899699695878682,0.028899699695878682,8.26725187109824,0.04027037184055404,567732411.71,8.226981499257688,0.4871071121146866,0,22.986696570711945,归母净利润行项目名折行（p189）；与 2025 年报上期数一致
2024,688787,海天瑞声,非金融,,14129503.48,0,14129503.48,808464516.38,237083030.07,11320489.61,净利润,-30385187.56,11336089.3,-30385187.56,63439063.17,63439063.17,,稳健,1.7476961813075735,1.7476961813075735,4.774905064549566,5.959727896099603,-2809013.870000001,-1.1848228315500375,124.81353692969823,1,20.51064734780558,
2024,835184,国源科技,非金融,,5477631.12,0,5477631.12,643811300.69,268359166.61,12225133.71,净利润,9579759.33,11856970.09,9700373.75,23952600.6,,,稳健,0.8508131364158082,0.8508131364158082,4.555511877768832,2.041156703978184,6747502.590000001,2.514355173790648,44.806308462044626,0,20.28291622978148,
2025,000034,神州数码,非金融,,24650041.54,14263205.68,10386835.86,57149969452.25,143751044503.13,558762965.03,净利润,777213469.9,522943843.22,752694649.23,392542129.52,414915641.98,37466786.93,下滑,0.043132204227327935,0.018174700633354527,0.3887018469753335,0.007225572444291935,548376129.17,0.38147627453104155,1.8588984077429558,0,24.768944692668278,
2025,000417,合百集团,非金融,,93656.11,0,93656.11,12251592867.3,6695652254.81,211747898.08,净利润,264796724.92,160215070.45,190573996.91,,,,下滑,0.0007644402733131295,0.0007644402733131295,3.162468569479325,0.001398760067515747,211654241.97,3.1610698094118095,0.04423000693240222,0,23.228921795467656,
2025,000421,南京公用,非金融,,1144683.29,1227645.77,-82962.47999999998,10084434316.87,6981341609,88878955.67,净利润,90692694.15,48080325.78,45922644.29,19529349.69,19529349.69,0,稳健,0.011350991578031181,-0.0008226785696964093,1.2730927756839983,-0.0011883458029478009,88961918.15,1.274281121486946,-0.09334322098476563,0,23.034258915244443,
2025,000429,粤高速Ａ,非金融,,2507500,0,2507500,26790914410.82,4469738160.51,2488669932.5,净利润,2102912782.05,1801337614.93,1562122219.95,6071273.33,16293149.98,10221876.65,稳健,0.009359516295521814,0.009359516295521814,55.678204027415354,0.05609948301119036,2486162432.5,55.62210454440416,0.10075663177563624,0,24.011328652463167,
2025,000501,武商集团,非金融,,247688.59,0,247688.59,30387493291.55,6079654164.92,179781089.47,净利润,215392353.47,180432436.16,215989859.65,10451171.2,10451171.2,0,下滑,0.0008151004349834805,0.0008151004349834805,2.957094015435098,0.004074057228932186,179533400.88,2.9530199582061654,0.13777232673925457,0,24.137296955825157,
2025,000529,广弘控股,非金融,,5727088.18,0,5727088.18,6886109759.84,2064304941.53,183631105.31,净利润,123578329.38,122877751.96,121776662.34,4002694.82,9826852.29,,稳健,0.08316870308110032,0.08316870308110032,8.895541623511214,0.27743421355932313,177904017.13,8.618107409951891,3.1188006902924847,0,22.652772141300044,
2025,000544,中原环保,非金融,,435782.98,0,435782.98,45189066675.9,5539873734.66,1094536818.01,净利润,1071370280.27,1075151300.84,1032169123.16,192303028.67,192303028.67,,稳健,0.0009643549027588337,0.0009643549027588337,19.75743257760685,0.007866298057905926,1094101035.03,19.74956627954894,0.039814373790760735,0,24.53412100682372,
2025,000546,金圆股份,非金融,,0,0,0,5848463432.19,9428568220.44,-303725808.09,净利润,-22756838.87,-251765973.83,39714483.96,,,,亏损,0.0,0.0,-3.22133542430715,0.0,-303725808.09,-3.22133542430715,0.0,0,22.489444802524588,
2025,000547,航天发展,非金融,,28632314.84,7859011.72,20773303.12,9380976398.7,2500916961.54,-1415380682.68,净利润,-1840348256.39,-1308632660.8,-1672729462.14,300921944.75,354176104.89,53254160.14,亏损,0.3052167879237796,0.22144073534689554,-56.59446932650036,0.8306274634247888,-1436153985.8,-57.42509678992514,1.4676831028007316,0,22.96194968822521,
2025,000568,泸州老窖,非金融,,2856611.8,0,2856611.8,64794994851.27,25731010647.32,10859910680.17,净利润,13497778570.89,10830713936.14,13472986476.01,215855671.81,220140589.52,,下滑,0.004408692070362916,0.004408692070362916,42.205534905023676,0.011101825105721328,10857054068.37,42.19443307991796,0.026304192402025195,0,24.894494197371944,
2025,000652,泰达股份,非金融,,3289654.08,3669229.56,-379575.48,43010115397.28,17867333108.61,-519194366.96,净利润,-203574712.43,-286113727.16,114109814.71,34978163.4,34978163.4,0,亏损,0.00764855906480093,-0.0008825260674004252,-2.905830231092563,-0.002124410384541878,-518814791.47999996,-2.9037058207080206,-0.07310855127772282,0,24.48470116677217,
2025,000759,中百集团,非金融,,383160.37,0,383160.37,8446623741.17,8282878441.95,-958460013.23,净利润,-524730940.84,-956524833.4,-528264424.12,5444293.87,8265437.4,2821143.53,亏损,0.00453625474202697,0.00453625474202697,-11.571581304099812,0.004625932550928446,-958843173.6,-11.576207236650742,0.0399766672277494,0,22.857032641213234,
2025,000783,长江证券,金融,,573358.98,872502.77,-299143.79000000004,206217413551.22,10547734279.96,3700780682.54,净利润,1836611656.3,3696410771.03,1834953886,,,,稳健,0.000278036161023613,-0.00014506233244250208,35.086024963401286,-0.002836095241499907,3701079826.33,35.088861058642784,-0.008083261767208673,0,26.052196854775516,
2025,000786,北新建材,非金融,,3421554.28,0,3421554.28,36088073943.54,25280261918.22,2998657111.67,净利润,3726000753.63,2906380291.66,3646942470.4,1040241795.06,1044035278.34,,下滑,0.009481121894598868,0.009481121894598868,11.861653654422016,0.01353448904551901,2995235557.39,11.848119165376495,0.11410288514429319,0,24.309228286029015,
2025,000876,新希望,非金融,,3289259.07,4416276.52,-1127017.4499999997,114232592818.92,106856298720.47,-1754244999.4,净利润,201622562.37,-1784352202.18,473599068.1,191347185.05,191347185.05,0,亏损,0.0028794400869584483,-0.000986598852559123,-1.6416860965669466,-0.0010547038064159541,-1753117981.95,-1.6406313927605307,-0.06424515677031832,0,25.461502494665602,
2025,000905,厦门港务,非金融,,57110.24,0,57110.24,13248822962.08,22128406550.96,226723124.25,净利润,246061352.71,205732791.12,199692437.85,1834936.48,1894529.98,,稳健,0.0004310589715286977,0.0004310589715286977,1.0245795318694741,0.0002580856414965061,226666014.01,1.0243214462279775,0.025189419998035336,0,23.307174552382186,
2025,000906,浙商中拓,非金融,,1039577.63,0,1039577.63,41742633596.11,235502449037.04,615717271.84,净利润,617046686.77,222716219.56,368855101.9,31406945.36,142318679.21,,下滑,0.0024904457156648555,0.0024904457156648555,0.26144835196306576,0.00044142964722905894,614677694.21,0.2610069223158368,0.16884009553497537,0,24.45478883186403,
2025,000959,首钢股份,非金融,,1108661.95,0,1108661.95,124933669457.96,102918417572.91,1074861508.94,净利润,603477891.83,995635969.34,479418078.55,556830229.55,4791578832.7,0,稳健,0.0008874004540249761,0.0008874004540249761,1.0443820788232983,0.0010772240539110465,1073752846.99,1.043304854769387,0.10314463219483347,0,25.551048789070858,
2025,000975,山金国际,非金融,,1542427.14,0,1542427.14,20625468547.55,17098604999.31,3268160714.81,净利润,2430104776.08,2971658678.29,2173114887.58,177868553.36,179410980.5,1542427.14,稳健,0.007478264731024583,0.007478264731024583,19.11361023277562,0.009020777660295931,3266618287.67,19.104589455115324,0.04719557190104929,0,23.749792486366086,
2025,001210,金房能源,非金融,,125280.98,0,125280.98,2500611689.2,1199174166.64,124747749.87,净利润,52192240.64,134413221.62,48689866.19,31059896.61,31186230.37,,稳健,0.005010013371571502,0.005010013371571502,10.402804975321828,0.010447271421050397,124622468.89,10.392357703900776,0.10042744669186872,0,21.639801214572355,
2025,001289,龙源电力,非金融,,12040172.97,2408385.7,9631787.27,265260840459.6,30252712873.6,5487843593.48,净利润,8296167932.93,4526216814.09,6354911900.86,144626981.16,347398324.02,,下滑,0.0045389937501286596,0.0036310626375576716,18.140004886202988,0.031837763807308565,5478211806.209999,18.108167122395677,0.1755113298316909,0,26.303979482444603,
2025,001872,招商港口,非金融,,5616273.79,6251120.27,-634846.4799999995,205014697494.68,17246382527.85,8905991922.49,净利润,8878506309.91,4611352247.98,4516301317.16,177750273.52,212534890.83,,稳健,0.002739449346135654,-0.0003096590087237396,51.639767980956734,-0.003681041395056787,8906626768.97,51.64344902235178,-0.007128307385916702,0,26.04634750861085,
2025,002044,美年健康,非金融,,17229772.81,9352018.63,7877754.179999998,20121220983.85,10359530671.3,370584812.1,净利润,408989821.48,285327021.07,282237728.37,52689620.06,111894346.39,59204726.33,稳健,0.08562985727272328,0.03915147190283811,3.5772355317858815,0.07604354318699491,362707057.92,3.5011919885988867,2.125762827504716,0,23.72504086541869,
2025,002061,浙江交科,非金融,,1291727.26,186680.51,1105046.75,84575940269.15,46409521005.41,1125712238.89,净利润,1406047396.67,964326971.91,1310029339.31,1047649135.62,1047649135.62,0,下滑,0.0015272987280889525,0.0013065734137667968,2.425606243078386,0.0023810776885009946,1124607192.14,2.4232251653898853,0.09816422988255177,0,25.160915669129274,
2025,002065,东华软件,非金融,,858796.39,958850.35,-100053.95999999996,25592296198.03,12928399148.39,552517840.69,净利润,421929114.72,477291283.31,499706775.83,910480222.91,1023465393.2,0,下滑,0.003355683223399497,-0.0003909534307738348,4.273675606301235,-0.0007739083458949354,552617894.6500001,4.274449514647131,-0.018108729281039997,0,23.96555721337903,
2025,002110,三钢闽光,非金融,,20510780.31,0,20510780.31,50136726147.88,43028613537.06,33125349.31,净利润,-1268831764.24,27095227.64,-1276634966.99,1543737039.82,1543737039.82,,稳健,0.04090969212768849,0.04090969212768849,0.07698446821083267,0.04766776947701167,12614569.0,0.029316698733821003,61.91868383953353,0,24.63801963332621,
2025,002120,韵达股份,非金融,,12350457.48,7968627.26,4381830.220000001,37213402860.84,51474506545.37,1166925668.62,净利润,1947087161.26,1171447387.79,1913919697.38,249219478.72,275604528.32,26385049.6,下滑,0.033188197075620034,0.011774871103257908,2.2669972903799733,0.008512622099908475,1162543838.3999999,2.2584846682800643,0.3755020853369289,0,24.339934825294016,
2025,002142,宁波银行,金融,,4000000,6000000,-2000000,3628671000000,71969000000,29529000000,净利润,27221000000,29333000000.0,27127000000.0,,,,稳健,0.00011023319556939717,-5.5116597784698585e-05,41.03016576581584,-0.002778974280593033,29531000000,41.03294474009643,-0.0067730028107961665,0,28.919887581466114,同 2024 年（p86）；与主要会计数据（p9）一致
2025,002152,广电运通,非金融,,3020721.43,3791969.47,-771248.04,29668988149.01,12055138162.45,1108662398.14,净利润,1156892319.41,860854698.13,919826746.43,905464876.51,1032516637.41,0,下滑,0.010181410349516069,-0.0025995090770418983,9.196596365799623,-0.006397670682882137,1109433646.18,9.202994036482504,-0.06956563524603349,0,24.113368167162715,
2025,002230,科大讯飞,非金融,,315402523.17,61740857.32,253661665.85000002,44857109349.34,27105390547.66,849468620.24,净利润,507033632.21,839390861.36,560162663.16,4438994619.2,5364151772.27,2284482412.46,稳健,0.7031271692379809,0.5654882125250728,3.13394717093768,0.935834757311396,595806954.39,2.1981124136262844,29.861216742571738,0,24.526747926809836,
2025,002238,天威视讯,非金融,,1330346.43,1120013.07,210333.35999999987,3620594958.36,1291703098,-198933391.17,净利润,1967137.83,-193163895.81,2563924.35,67916336.5,69036688.8,,亏损,0.03674386241212133,0.005809359025768333,-15.400860420480308,0.016283413760148763,-199143724.53,-15.41714383424046,0.10573054566805126,0,22.009904202417715,
2025,002347,泰尔股份,非金融,,2517887.35,3842179.24,-1324291.8900000001,2385427001.1,1090324855.95,-101583271.84,净利润,19820677.47,-94940921.2,14590450.22,71060781.18,71060781.18,0,亏损,0.10555289886627921,-0.05551592605388155,-9.316789513295145,-0.1214584701773257,-100258979.95,-9.19533104311782,-1.3036515422399886,0,21.592643981362293,
2025,002401,中远海科,非金融,,7387587.37,8320756.3,-933168.9299999997,3022905003.12,1805610551.34,34595118.94,净利润,129225237.64,32541315.63,127610562.6,111514419.44,116576678.69,,下滑,0.24438701720282727,-0.03086993898375429,1.9159789974823687,-0.051681628095685744,35528287.87,1.9676606255780542,-2.697400554160372,0,21.829484127546028,
2025,002410,广联达,非金融,,43833965.67,16695907.11,27138058.560000002,10168161658.6,6097323585.28,441267967.31,净利润,270609659.95,405114040.23,250424298.94,1671152855.18,1624692445.77,234077169.83,稳健,0.4310903695450812,0.26689247743270533,7.237076417844998,0.44508148830276945,414129908.75,6.791994929542229,6.15001780560585,0,23.042527269468,
2025,002465,海格通信,非金融,,816887.61,1332816.62,-515929.0100000001,21265084980.57,4388020621.39,-775607053.12,净利润,106883155.69,-786367482.56,53135821.24,928260130.81,928260130.81,0,亏损,0.003841450014172968,-0.002426178924144468,-17.675556248281936,-0.011757670588078696,-775091124.11,-17.663798577693857,-0.06651938090616834,0,23.780332361908776,
2025,002468,申通快递,非金融,,5376935.25,1965759.65,3411175.6,29313518437.71,55586177412.27,1368003795.03,净利润,1026357985.49,1368631017.22,1039952625.12,188411505.48,304462687.63,116051182.15,稳健,0.018342851819121483,0.011636868522789598,2.461050316311244,0.006136733552840104,1364592619.43,2.454913582758404,0.2493542497756882,0,24.10131462669297,
2025,002511,中顺洁柔,非金融,,11569437.95,0,11569437.95,8956764573.97,8779846944.46,316294701.45,净利润,76056254.13,318606854.67,77181582.84,158576721.24,172649762.41,,稳健,0.1291698342013243,0.1291698342013243,3.602508146791545,0.1317726609949642,304725263.5,3.4707354857965806,3.6578032755407697,0,22.91567490206702,
2025,002607,中公教育,非金融,,4476448.89,0,4476448.89,5688418599.88,2236931867.08,48797230.59,净利润,183818404.39,48891366.06,183678879,181990892.58,181990892.58,,下滑,0.07869408362623721,0.07869408362623721,2.181435711481813,0.20011556703527922,44320781.7,1.9813201444465338,9.17357160616684,0,22.461698120248624,
2025,002609,捷顺科技,非金融,,6494472.33,3381319.18,3113153.15,4143635129.42,1743690821.5,64906426.01,净利润,36480948.41,63574142.4,31386543.4,119197890.43,157575072.66,,稳健,0.1567336922087794,0.07513096720067047,3.7223586434987723,0.17853813942324523,61793272.86,3.543820504075527,4.796371239914462,0,22.144839290107264,
2025,002625,光启技术,非金融,,1847484.23,2319182.39,-471698.16000000015,11884396306.72,2045720515.92,686946947.27,净利润,651899767.42,686946947.27,651967766.93,135312076.36,156530660.5,,稳健,0.015545461311781947,-0.0039690544460662235,33.57970660821508,-0.023057800727381783,687418645.43,33.60276440894246,-0.06866587905726616,0,23.198492141914002,
2025,002673,西部证券,金融,,2027432,0,2027432,121660733218.23,5984624114.13,1753652721.0,归母净利润,,1753652721.0,1403260839.02,,,,稳健,0.0016664637359724574,0.0016664637359724574,29.302637685456922,0.03387734904207485,1751625289.0,29.26876033641485,0.11561194389980935,0,25.52450213260225,财务报表页无文字层，程序未找到报表；取主要会计数据（p20）；净利润置空
2025,002761,浙江建投,非金融,,292442.02,0,292442.02,122990463884.97,81108255468.09,401068527.25,净利润,357303231.67,214535657.02,193261175.21,847426230.51,847727028.02,,稳健,0.00023777617447927826,0.00023777617447927826,0.49448545642532077,0.00036055765015813215,400776085.23,0.4941248987751627,0.07291572390513472,0,25.535372659922782,
2025,002967,广电计量,非金融,,564183.76,748290.09,-184106.32999999996,6744516049.34,3603407453.09,443414131.15,净利润,359417280.63,424537089.4,352109923.29,402906883.78,409204493.05,,稳健,0.00836507402269744,-0.0027297189101954332,12.305411944734775,-0.005109228761852196,443598237.47999996,12.310521173496626,-0.0415201765271932,0,22.631995574490126,
2025,003039,顺控发展,非金融,,437500,0,437500,8095883945.98,2228332450.66,431491170.62,净利润,393255236.18,303840989.69,267947374.04,57119796.55,57194029.38,,稳健,0.005403980626689196,0.005403980626689196,19.363859754957055,0.019633515630507414,431053670.62,19.34422623932655,0.10139257296304953,0,22.814621614653106,
2025,300015,爱尔眼科,非金融,,13934527.21,0,13934527.21,36675990722.72,22352604724.87,3473219216.75,净利润,3736129681.96,3240259465.09,3556055831.7,302482779.03,302482779.03,,下滑,0.03799359454349478,0.03799359454349478,15.538319849076112,0.062339612682794594,3459284689.54,15.475980236393315,0.40119918555094763,0,24.325388174181693,
2025,300058,蓝色光标,非金融,,4522447.77,6543103.89,-2020656.12,25139551030.28,68692672430.48,222834022.41,净利润,-296941481.37,224665777.93,-290675602.27,95208404.07,95208404.07,,稳健,0.0179893736548947,-0.008037757387020028,0.3243927110792171,-0.0029415890349076064,224854678.53,0.3273343001141247,-0.9067987456072238,0,23.947708181169407,
2025,300075,数字政通,非金融,,20968186.75,9221015.25,11747171.5,3823640536.46,601737836.14,-379059637.22,净利润,-395341212.25,-378834022.2,-395700518.18,93983639.01,146957633.58,,亏损,0.5483827925261183,0.30722478716254426,-62.994150351517575,1.9522075552628055,-390806808.72,-64.94635790678038,3.0990299009815527,0,22.064468825745347,
2025,300226,上海钢联,非金融,,8593196.52,2158365.7,6434830.819999999,31823080913.22,70693375708.34,369298683.81,净利润,295710985.8,212749338.95,161351547.32,90223040.82,98482241.97,,稳健,0.027003031364038036,0.020220640602170076,0.5223950336359907,0.009102452323889882,362863852.99,0.5132925813121008,1.7424461830225877,0,24.18345767833744,
2025,300229,拓尔思,非金融,拓尔思,68103528.82,39101610.24,29001918.57999999,4207791883.05,511344793.45,-294971574.94,净利润,-97484694.28,-293749397.56,-94145629.8,127823272.51,300697481.46,,亏损,1.618509914768775,0.689243179940213,-57.68545582518828,5.671695292784054,-323973493.52,-63.357151117972336,9.832106224438492,0,22.160203853708666,
2025,300364,中文在线,非金融,,4206211.57,7018865.77,-2812654.1999999993,1562427140.88,1656556589.87,-662532131.22,净利润,-242617975.58,-670952196.55,-242889520.02,71660173.42,90484074.7,,亏损,0.26921009370273424,-0.18001826302222568,-39.9945365749318,-0.16978920111752568,-659719477.02,-39.82474737381427,-0.4245309876248147,0,21.169506308650828,
2025,300597,吉大通信,非金融,,298667.89,454496.51,-155828.62,1556175840.63,471863231.2,-85456695.93,净利润,5133056.67,-84562074.64,4897115.57,29634579.56,35658861.24,,亏损,0.01919242557313367,-0.010013561188362528,-18.11047996104173,-0.0330241073464679,-85300867.31,-18.077455853695263,-0.18234805161159473,0,21.16549726443464,
2025,300624,万兴科技,非金融,,13827541.16,17462755.16,-3635214.0,1684277714.86,1532776301.84,-92740577.71,净利润,-157420052.06,-91232191.62,-163455868.14,431933846.73,485171073.95,,亏损,0.8209775049567386,-0.21583222101244542,-6.050496579224957,-0.2371653316688259,-89105363.71,-5.813331247556131,-3.9197663954254445,0,21.24460265298211,
2025,300676,华大基因,非金融,,18604943.13,9621670.97,8983272.159999998,11749261214.75,3705385018.37,-637805702.62,净利润,-912101083.16,-616655148.27,-902690862.44,456868639.52,508355299.36,,亏损,0.15834989783564765,0.0764581874196687,-17.21294007122021,0.2424382922547612,-646788974.78,-17.455378363474967,1.4084653246432584,0,23.187056200219416,
2025,300766,每日互动,非金融,,71892507.34,43691049.03,28201458.310000002,1861594688.1,515639013.47,-39984014.64,净利润,-68386566.36,-34990509.36,-64755232.21,106718763.24,167766110.86,,亏损,3.8618775504444356,1.5149086151928843,-7.754264823937004,5.469225092224479,-68185472.95,-13.223489916161482,70.53183269342661,0,21.344699316542613,
2025,300937,药易购,非金融,,1489867.98,1740369.83,-250501.8500000001,1722545908.08,4454001549.38,-16455729.79,净利润,10996411.7,-12851490.08,13200122.15,10721084.94,16565527.8,,亏损,0.08649220743618093,-0.014542535489182797,-0.36945945365220284,-0.005624197639420896,-16205227.94,-0.36383525601278194,-1.5222773659800117,0,21.267069212502737,
2025,300989,蕾奥规划,非金融,,1416970.43,1792241.39,-375270.95999999996,1238715372.17,316855150.93,17733897.57,净利润,-47207639.17,19531746.98,-45314753,27287692.42,35127211.69,,稳健,0.11439031611577806,-0.03029517259825352,5.596846861396863,-0.11843612417173714,18109168.53,5.715282985568601,-2.116122293583316,0,20.93734068936912,
2025,301078,孩子王,非金融,,20664554.79,9951914.26,10712640.53,10772417180.9,10273325632.4,356226024.62,净利润,204992920.8,297646558.77,181257558.13,44080687.86,70739825.49,,稳健,0.19182839322858034,0.09944509528459419,3.467484993335896,0.1042762676208227,345513384.09000003,3.3632087257150736,3.007259377365139,0,23.100254739413575,
2025,301103,何氏眼科,非金融,,2723444.42,905087.41,1818357.0099999998,2181780973.8,1092618730.41,26404935.55,净利润,-35275857.65,27336461.27,-27398159.61,16275626.06,18201299.06,,稳健,0.12482666467003728,0.08334278425908967,2.416665101475212,0.16642191456096217,24586578.54,2.2502431869142496,6.886428510900114,0,21.503407340675572,
2025,301169,零点有数,非金融,,758958.85,1238301.37,-479342.52000000014,673586736.31,362232104.1,-35003792.17,净利润,-71781278.3,-39106166.7,-71955679.9,45890007.53,45890007.53,,亏损,0.11267425694242142,-0.07116270172211285,-9.663359976601257,-0.1323302144052008,-34524449.65,-9.531029762196056,-1.3694016856002835,0,20.32812732994734,
2025,301178,天亿马,非金融,,99642.61,0,99642.61,1445771685.58,476993037,9379903.89,净利润,-53491793.68,7489613.54,-49552838.46,17278343.33,17389057.32,,稳健,0.006892001758910252,0.006892001758910252,1.9664655796642165,0.02088974099636595,9280261.280000001,1.9455758386678506,1.062298837690969,0,21.091909054426683,
2025,301299,卓创资讯,非金融,,51264611.57,32048196.08,19216415.490000002,993557740.29,355967634.55,71124285.86,净利润,70509540.76,65642273,70509540.76,27194436.48,27194436.48,,下滑,5.159701292753944,1.9341015333835663,19.980548498436512,5.39836030719271,51907870.37,14.582188191243803,27.018078645914716,0,20.71680273632473,
2025,301339,苏交数智,非金融,,909690.94,1141952.5,-232261.56000000006,5893978468.3,1067785967.64,247694504.86,净利润,229093330.24,221006413.62,209694232.87,76225776.71,76225776.71,,稳健,0.015434242674835933,-0.003940658440630362,23.19701816342929,-0.021751696223667377,247926766.42000002,23.21876985965296,-0.09376936324496869,0,22.49719706809949,
2025,301428,世纪恒通,非金融,,2251160.04,2569296.9,-318136.85999999987,2865256346.92,1058684200.97,-39661818.92,净利润,60406771.35,-36022327,61908800.77,41249266.15,48113004.68,,亏损,0.07856749161099943,-0.0111032599349088,-3.746331425713219,-0.03005021324664265,-39343682.06,-3.716281212466576,-0.8021237267047657,0,21.77592365847518,
2025,600008,首创环保,非金融,,1287691.62,1052047.7,235643.92000000016,109128582749.51,18885592685.09,2253429459.36,净利润,4144467318.33,1771876566.48,3528057052.75,211987872.42,212290796.88,302924.46,下滑,0.0011799764897118873,0.00021593235618287934,11.932002860249453,0.0012477443728098553,2253193815.44,11.930755115876641,0.010457124318722883,0,25.415792682177862,
2025,600012,皖通高速,非金融,,1893688.34,762704.92,1130983.42,30408343193.82,6721574180.34,1859360406.99,净利润,1929292396.87,1877443900.82,1907380574.16,,,,下滑,0.006227528832892353,0.0037193194406917045,27.66257363384402,0.0168261688356877,1858229423.57,27.64574746500833,0.060826476445783685,0,24.137982854869986,
2025,600017,日照港,非金融,,4511108.49,863623.5900000001,3647484.9000000004,40225483053.38,7816506372.83,574468879.94,净利润,766037406.01,494751561.29,654879931.54,75662978.76,99782790.77,24119812.01,下滑,0.011214553928447973,0.00906759751066188,7.3494327585638635,0.04666387675034176,570821395.0400001,7.302768881813522,0.6349316781756671,0,24.417766538537837,
2025,600018,上港集团,非金融,,177691.98,0,177691.98,221735642992.73,39611497351.53,14953696046.09,净利润,16063786892.13,13564589175.03,14954353821.25,185711294.18,207555941.37,21844647.19,下滑,8.013685919039455e-05,8.013685919039455e-05,37.75089821367838,0.0004485868797715031,14953518354.11,37.75044962679861,0.0011882813416316685,0,26.12475171192615,
2025,600020,中原高速,非金融,,267316.78,341916.7,-74599.91999999998,53545897731.88,6598781551.16,628240025.58,净利润,887089624.09,628486055.17,886850652.23,5019041.11,138132721.25,104139246.82,下滑,0.0004992292431785036,-0.0001393195803225555,9.520545887286747,-0.0011305105256422085,628314625.5,9.52167639781239,-0.011874429670590995,0,24.703805024591656,
2025,600022,山东钢铁,非金融,,3868012.44,0,3868012.44,81199915164.2,67252824464.84,577910221.06,净利润,-3093555907.95,105944958.44,-2894079759.81,2844652791.49,3537702400,3933600,稳健,0.004763567095086519,0.004763567095086519,0.8593099630516385,0.0057514498027100855,574042208.6199999,0.8535585132489285,0.6693102663775892,0,25.120180039337637,
2025,600029,南方航空,非金融,,13000000,0,13000000,349814000000,182256000000,2685000000,净利润,154000000,857000000.0,-1696000000.0,607000000,610000000,3000000,稳健,0.0037162606413694136,0.0037162606413694136,1.4732025283118253,0.007132824159424106,2672000000,1.4660697041524011,0.48417132216014896,0,26.580667421600232,项目名为「归属于母公司股东的净利润/(亏损)」（p98）；按原文补录
2025,600030,中信证券,金融,,4921329.59,0,4921329.59,2081902593243.18,74854368352.85,31006679490.28,净利润,22589456799.93,30076100951.5,21703696593.02,,,,稳健,0.00023638615975464882,0.00023638615975464882,41.422672013101625,0.006574538932453132,31001758160.69,41.41609747416917,0.01587183687805959,0,28.364303299841072,归母净利润行项目名折行（p183）；按原文补录
2025,600050,中国联通,非金融,,443991890,379199882,64792008,671056308815,392222880560,20787789422,净利润,20600584260,9126662570,9029899018,8983800247,12787135578,3803335331,稳健,0.06616313477240579,0.009655226714791555,5.299994072839411,0.016519181111385596,20722997414,5.283474891728025,0.3116830110441168,0,27.232118888154275,同 2024 年；取主要会计数据（p7）
2025,600075,新疆天业,非金融,,1410689.69,1770865.78,-360176.0900000001,20598030910.76,10487823729.91,-57028404.41,净利润,68477873.27,-57074737.49,68434985.31,425205379.08,425205379.08,0,亏损,0.0068486628460348795,-0.0017485947640356794,-0.5437582274324645,-0.0034342309641686827,-56668228.31999999,-0.5403239964682958,-0.6315731497773464,0,23.74846132131692,
2025,600100,同方股份,非金融,,159859372.04,93437068.72,66422303.31999999,49203612780.78,15064892096.09,290043464.44,净利润,544016410.73,495005722.72,482199844.88,870923183,1500030364.93,734583983.2,稳健,0.3248935657473602,0.1349947688108504,1.925294005360178,0.4409079261658933,223621161.12,1.4843860791942844,22.900810210719463,0,24.619232888252444,
2025,600121,郑州煤电,非金融,,848430.1,0,848430.1,13110530905.74,3552273658.65,-782089957.93,净利润,360159378.68,-927483677.71,282662788.09,77139521.26,77139521.26,,亏损,0.006471363410832919,0.006471363410832919,-22.016602128204955,0.0238841424261901,-782938388.03,-22.040486270631146,0.10848241834552973,0,23.296681630144633,
2025,600133,东湖高新,非金融,,13391433.85,0,13391433.85,19721709261.32,3749891150.97,308177078.9,净利润,564733008.24,276196370,528105324.28,100004769.17,104773353.91,4768584.74,下滑,0.06790199405415884,0.06790199405415884,8.218293984887602,0.35711526844015146,294785645.04999995,7.8611787164474505,4.345369843143128,0,23.704985858902234,
2025,600170,上海建工,非金融,,903473.9,747039.94,156433.96000000008,370079452660.79,205996611436.85,1034288707.63,净利润,2125513133.28,1237139456.03,2167691910.46,7840655107.64,7840655107.64,0,下滑,0.00024412971147255572,4.227037163919106e-05,0.5020901559572837,7.594006469759637e-05,1034132273.67,0.5020142158925861,0.015124786613832179,0,26.636983556453064,
2025,600233,圆通速递,非金融,,30436357.32,10232576.04,20203781.28,54177859555.9,75276847420.82,4264632499.39,净利润,3989215244.27,4322350576.04,4012333934.96,162412528.23,249060300,86647700,稳健,0.0561785895003773,0.03729158266054052,5.665264481055422,0.026839303148622633,4244428718.1099997,5.638425177906798,0.47375198877956987,0,24.71553816665649,
2025,600271,航天信息,非金融,,17144659.45,0,17144659.45,19906013706.33,5553556155.47,-914780868.61,净利润,-22630174.63,-745525599.89,15954802.17,655440688.15,861526300,576932800,亏损,0.0861280400130946,0.0861280400130946,-16.47198377041677,0.3087149741542325,-931925528.0600001,-16.780698744571005,1.874182117084623,0,23.714287719322744,
2025,600282,南钢股份,非金融,,32884060.7,10323048.53,22561012.17,69942852148.25,57994436345.68,2757604118.7,净利润,2192335392.02,2867435008.72,2260763334.01,2312369490.41,2335605241.79,23235751.38,稳健,0.04701561301832438,0.032256351402685096,4.754945978374723,0.03890202852481136,2735043106.5299997,4.716043949849912,0.8181381807855653,0,24.97094434767939,
2025,600350,山东高速,非金融,,5227561.03,2580164.9,2647396.1300000004,163166897744.68,23925458141.04,4013867461.82,净利润,4051499759.6,3205569300.59,3196128356.19,537557479.67,541135500.88,3578021.21,稳健,0.0032038122329076657,0.0016225080985130867,16.776554238411435,0.01106518468483932,4011220065.69,16.765489053726597,0.06595624183364532,0,25.81803942645632,
2025,600415,小商品城,非金融,,29020570.76,26793140.84,2227429.920000002,44405436378.39,19927252694.51,4215715767.2,净利润,3078248085.69,4203546946.97,3073677494.86,40714140.91,67614800,26900700,稳健,0.06535364389330249,0.005016119875547457,21.155529223360723,0.011177807368366759,4213488337.2799997,21.144351415992354,0.05283634009034294,0,24.516627739844036,
2025,600449,宁夏建材,非金融,,27521675.98,0,27521675.98,9792573110.59,5173318804.18,180282766.46,净利润,231355237.62,182111732.9,241419244.57,25932688.92,43527326.72,17594637.8,下滑,0.2810464182313552,0.2810464182313552,3.4848570769374,0.531992653492816,152761090.48000002,2.952864423444584,15.265838504927942,0,23.004890089454435,
2025,600547,山东黄金,非金融,,6505071.37,2350831.58,4154239.79,170374158329.33,104287391583.12,6626893653.08,净利润,4439134082.28,4739393120.72,2951551189.32,992891266.26,1024544962.39,31653696.13,稳健,0.003818109174412367,0.0024383039251586114,6.354453354793306,0.003983453538282194,6622739413.29,6.350469901255024,0.06268758799334621,0,25.861262786844257,
2025,600558,大西洋,非金融,,465985.35,974333.07,-508347.72,3262045105.78,3714338663.14,218112260.43,净利润,174298507.17,182194380.37,154978828.95,91159495.51,91159495.51,,稳健,0.01428506764588641,-0.01558371216569818,5.872169454941782,-0.013686089667716426,218620608.15,5.885855544609499,-0.23306700824511734,0,21.905620168695247,
2025,600567,山鹰国际,非金融,,30377249,7680913.71,22696335.29,51835736143.17,28778168738.13,-1189983990.64,净利润,-494227818.25,-1135602749.34,-450645516.19,840583093.08,863279428.37,22696335.29,亏损,0.05860290845701162,0.04378511231578318,-4.1350233278162545,0.07886650292632484,-1212680325.93,-4.213889830742579,1.907280725498954,0,24.671345635283036,
2025,600600,青岛啤酒,非金融,,470776,0,470776,52131585698,32473493664,4717416567,净利润,4491776686,4588101137,4344983858,121846041,121846000,0,稳健,0.0009030532904316798,0.0009030532904316798,14.52697580312928,0.0014497239036583877,4716945791,14.525526079225623,0.009979529967593808,0,24.677036853410744,利润表营业收入行未识别（p72）；取主要会计数据（p5）
2025,600601,方正科技,非金融,,705940.38,890098.73,-184158.34999999998,9702930380.29,4939258449.38,472197764.55,净利润,257389895.46,472197764.55,257389895.46,248441901.84,256900892.8,8458990.96,稳健,0.007275537928562369,-0.0018979663130850564,9.560094281141991,-0.0037284615066684036,472381922.90000004,9.56382274264866,-0.039000258752919154,0,22.995693777893237,
2025,600704,物产中大,非金融,,4850061.55,1231868.5,3618193.05,200992151056.68,596462522203.07,5486779735.6,净利润,4977991035.35,3623261943.26,3079003701.43,1434383788.14,1448635602.64,14251814.5,稳健,0.0024130601739927033,0.0018001663403162773,0.9198867542145401,0.000606608615849993,5483161542.55,0.91928014559869,0.06594383635493865,0,26.026531694773784,
2025,600733,北汽蓝谷,非金融,,14437673.52,11848700.66,2588972.8599999994,33564296338.54,27940186280.68,-6382015789.45,净利润,-6872907069.53,-4563333345.94,-6948010578.76,2245967986.47,2651103592.77,2409136288.82,亏损,0.04301497452643459,0.00771347277442318,-22.84170808790569,0.009266125980663968,-6384604762.309999,-22.850974213886353,0.040566694684143305,0,24.23672872997437,
2025,600790,轻纺城,非金融,,540710.34,822820.14,-282109.80000000005,13325715989.53,877529688.64,-47832021.72,净利润,148900293.87,-16213779.96,140834088.19,8177213.45,7598114.33,0,亏损,0.004057645686166773,-0.0021170329625939304,-5.450758229517033,-0.032148177281296916,-47549911.92,-5.418610052235737,-0.5897927577709756,0,23.312961538352514,
2025,600820,隧道股份,非金融,,129553.8,251333.9,-121780.09999999999,181804244902.78,57927229927.95,2320252396.49,净利润,2956036561.39,2213961158.55,2841024204.22,2325254353.88,2431401728.74,106147374.86,下滑,7.126005229926234e-05,-6.698418954140593e-05,4.005460643251774,-0.00021022945538992684,2320374176.5899997,4.005670872707164,-0.005248571240966063,0,25.92619636771742,
2025,600874,创业环保,非金融,,1094498.55,454099.24,640399.31,25964872256.25,4760071027.44,916132303.52,净利润,870661032.6,862357236.56,807210626.05,58584590.17,60909022.26,2324432.09,稳健,0.004215304967412437,0.0024664065498949243,19.246189778237458,0.013453566266308664,915491904.21,19.23273621197115,0.06990249198062685,0,23.98001039438657,
2025,600918,中泰证券,金融,,3976956.98,0,3976956.98,253531045753.27,11392557674.2,1672534722.57,净利润,1081396854.31,1434724436.51,937290131.82,,248431216.66,4210895.62,稳健,0.0015686272141480749,0.0015686272141480749,14.680941456699252,0.034908376974964635,1668557765.59,14.646033079724285,0.2377802341758889,0,26.258752120933714,
2025,600926,杭州银行,金融,,5318000,3274000,2044000,2362805622000,38798611000,19029250000,净利润,16982563000,19029250000.0,16982563000.0,,,,稳健,0.00022507141300512787,8.650732760106832e-05,49.04621456680498,0.005268229834310306,19027206000,49.04094633697067,0.010741358697794185,0,28.490870851757055,归母净利润行项目名折行（p118）；按原文补录
2025,600941,中国移动,非金融,中国移动,1236000000,616000000,620000000,2092882000000,1050187000000,137264000000,净利润,138526000000,137095000000,138373000000,29253000000,37448000000,,下滑,0.05905731904617651,0.029624221528017348,13.070434122684818,0.05903710482037961,136644000000,13.011397017864438,0.4516843454948129,0,28.369563179398885,
2025,600958,东方证券,金融,,5871786.38,4104323.92,1767462.46,486875986848.2,15358190328.79,5633651831.14,净利润,3350447340.65,5633559541.41,3350208782.4,,,,稳健,0.0012060127298557297,0.0003630210788257803,36.681742513499955,0.011508272929049252,5631884368.68,36.670234240570906,0.0313732994685677,0,26.911275280471962,
2025,600970,中材国际,非金融,,19894645.47,6550976.04,13343669.43,62037612162.76,49598694416.38,3081822539.36,净利润,3223156216.86,2862141557.45,2983121239.24,1782895774.26,1815588600,32692800,下滑,0.032068683459003884,0.021508999081060617,6.2135154475804635,0.02690326748922094,3068478869.9300003,6.186612180091243,0.4329798117697935,0,24.851006685841572,
2025,600998,九州通,非金融,,45624669.39,14614070.05,31010599.34,116407433518.87,161389993006.56,2409584803.58,净利润,2786438947.55,2254863863.25,2507391943.72,128838125.02,344853395.04,216015270.02,下滑,0.03919394836808605,0.026639707106825863,1.4930199566227491,0.019214697740732607,2378574204.24,1.4738052588820165,1.2869685803930422,0,25.48036223205063,
2025,600999,招商证券,金融,,5247174.75,0,5247174.75,753477089745.4,24971732131.98,12318091507.89,净利润,10389971051.5,12349522678.95,10385872410.71,,,,稳健,0.0006963947306975214,0.0006963947306975214,49.32814208796858,0.02101245809568899,12312844333.14,49.30712962987289,0.042597302890947625,0,27.34796444943512,
2025,601059,信达证券,金融,,0,0,0,129950818857.7,4043872800.63,1951341469.87,净利润,1414685098.22,1893704022.18,1364888583.05,,,,稳健,0.0,0.0,48.25427420877328,0.0,1951341469.87,48.25427420877328,0.0,0,25.59042189934303,
2025,601066,中信建投,金融,,1618302.1,2029016.63,-410714.5299999998,676815790802.9,23321714460.73,9454023417.8,净利润,7235527663.64,9439423821.46,7223221368.58,,,,稳健,0.0002391052516786324,-6.068335514346867e-05,40.537428900088145,-0.001761082062348275,9454434132.33,40.539189982150496,-0.004344335864735728,0,27.240664976530816,项目名前有「-」号（p170）；按原文补录
2025,601077,渝农商行,金融,,1353600,0,1353600,1665744135000,28648293000,12420005000,净利润,11789079000,12128421000.0,11512747000.0,,,,稳健,8.12609794961097e-05,8.12609794961097e-05,43.35338583698512,0.004724888844162548,12418651400,43.34866094814096,0.010898546337139155,0,28.141293067446345,归母净利润行项目名折行（p199）；按原文补录
2025,601108,财通证券,金融,,957508.94,0,957508.94,161412446879.39,6922252743.46,2631929040.74,净利润,2338955014.58,2632256997.26,2339779520.26,,50618163.87,198295.35,稳健,0.0005932063843350731,0.0005932063843350731,38.02127917427735,0.013832331402586167,2630971531.7999997,38.007446842874764,0.036380499822699794,0,25.807228708020638,
2025,601211,国泰海通,金融,,9015249,6328474,2686775,2114338135017,63107440954,29170213551,净利润,13548760246,27809205680,13024084673,,,,稳健,0.00042638634051442835,0.00012707404532427815,46.22309684885278,0.004257461496431827,29167526776,46.21883938735634,0.009210679912584641,0,28.37976294092507,
2025,601298,青岛港,非金融,,100534,186707,-86173,66578767145,18806323315,5723546579,净利润,5732264385,5271506093,5234897470,112325450,244992130,132666680,稳健,0.00015100009253858645,-0.00012943015272771016,30.434160272225437,-0.00045821290295093494,5723632752,30.43461848512839,-0.0015055874676756082,0,24.921651552024883,
2025,601368,绿城水务,非金融,,194867.16,407820.84,-212953.68000000002,25560485832.58,2502886465.06,94674231.24,净利润,87934594.38,95224685.45,87934594.38,6692371.27,6692371.27,,稳健,0.000762376588912945,-0.0008331362768095909,3.782601910300012,-0.008508323608473988,94887184.92,3.791110233908486,-0.22493309658903976,0,23.964313473809533,
2025,601588,北辰实业,非金融,,23091,43823,-20732,43166705498,6060486009,-3224678466,净利润,-3420679738,-2988106666,-2827464028,13449211,17784824,4335613,亏损,5.349261597244166e-05,-4.802775602358757e-05,-53.208248665391814,-0.0003420847761914205,-3224657734,-53.207906580615614,-0.0006429168122835103,0,24.488335328985055,
2025,601665,齐鲁银行,金融,,2536000,4058000,-1522000,804380922000,13135164000,5712344000,净利润,4944763000,5713492000,4986289000,,,,稳健,0.0003152735141572639,-0.00018921383617797938,43.48894311483282,-0.011587217335086185,5713866000,43.50053033216791,-0.026644053649430077,0,27.413338777507462,
2025,601727,上海电气,非金融,,106000,221000,-115000,325370766000,126678586000,3085595000,净利润,2695410000,1206219000,752480000,6164014000,6251000000,87000000,稳健,3.257821878195412e-05,-3.5344293961554e-05,2.435766846971279,-9.078093119858473e-05,3085710000,2.4358576279024775,-0.003726995927851841,0,26.508231187498794,
2025,601728,中国电信,非金融,,419731153.15,371186439.06,48544714.089999974,870643642518.74,523924731368.75,33222790204.72,净利润,32975024699.84,33184733428.28,33012069907.9,15594212398.79,18603868580.76,3009656181.97,稳健,0.04820929398114402,0.005575727165429234,6.3411379947508255,0.009265589345854551,33174245490.63,6.331872405404971,0.1461187148667097,0,27.492498594050932,同 2024 年；取主要会计数据（p7）
2025,601800,中国交建,非金融,,29198409,6706376,22492033,2019131695690,731108751343,14751374779,归母净利润,,14751374779,23384093178,,25028633609,325311575,下滑,0.0014460873979803479,0.001113945813837258,2.0176717556591504,0.003076427817159017,14728882746,2.0145953278419912,0.15247414791480704,0,28.333688681309297,财务报表页无文字层，程序未找到报表；取主要会计数据（p14）；净利润置空
2025,601900,南方传媒,非金融,,527021.28,0,527021.28,17764422758.81,8635268656.97,1191347527.21,净利润,939980931.77,1042972131.36,809805532.3,30390184.13,33914845.82,3524661.69,稳健,0.0029667233613804404,0.0029667233613804404,13.796299507698558,0.006103125460660825,1190820505.93,13.790196382237898,0.044237409149135834,0,23.600463572720084,
2025,601929,吉视传媒,非金融,,4064342.83,4410000,-345657.1699999999,12024035532.68,1982991556.73,-461544877.33,净利润,-474689192.91,-459643221.51,-464769221.19,123728483.96,128127145.76,4398661.8,亏损,0.03380181985452027,-0.002874718467527328,-23.275181165728128,-0.017431096407187773,-461199220.15999997,-23.25775006932094,-0.0748913457775978,0,23.21017344453909,
2025,601992,金隅集团,非金融,,455642.12,0,455642.12,263618957678.36,91113100214.76,-1506639534.09,净利润,-1534208929.15,-1009466516.7,-555162082.74,742008778.15,742008778.15,0,亏损,0.0001728411810792175,0.0001728411810792175,-1.6535926563125878,0.0005000840921075228,-1507095176.2099998,-1.6540927404046952,0.03024227824176967,0,26.297770555343693,
2025,601998,中信银行,金融,,15400000,4940000,10460000,10131028000000,212475000000,71490000000,净利润,69468000000,70618000000,68576000000,,,,稳健,0.00015200826609106205,0.00010324717294237069,33.646311330744794,0.00492293210965996,71479540000,33.64138839863514,0.014631416981395999,0,29.946623909790564,
2025,603000,人民网,非金融,,4900911.95,5450546.87,-549634.9199999999,5452004690.55,2074918149.43,235271376.25,净利润,222176522.41,212718617.76,209230110.79,111396239.53,125945694,14549454.47,稳健,0.08989192468038017,-0.010081336154253245,11.33882685033293,-0.026489474784872354,235821011.17,11.365316325117803,-0.2336174203426924,0,22.419249211115982,
2025,603018,华设集团,非金融,,318918.97,637837.94,-318918.97,12805749489.3,4109885023.41,279492149.65,净利润,392204284.65,274270150.96,382629794.19,192369125.13,192369125.13,,下滑,0.002490435802031553,-0.002490435802031553,6.80048585442187,-0.007759802724003961,279811068.62,6.808245657145874,-0.11410659311875952,0,23.273160085872924,
2025,603209,兴通股份,非金融,,175450.36,196934.08,-21483.72,5663398708.36,1628422794.68,274918848.86,净利润,356656714.51,269988877.77,350416337.39,1114578.33,1114578.33,0,下滑,0.0030979694179223112,-0.00037934323727352817,16.88252275503329,-0.0013192961969205146,274940332.58000004,16.88384205123021,-0.007814567858510275,0,22.457290027455258,
2025,603213,镇洋发展,非金融,,900950.27,958318.58,-57368.30999999994,3400308481.2,2625047328,75875353.68,净利润,191095814.08,75618067.89,191082639.48,54384872.61,54384872.61,,下滑,0.026496133364995355,-0.001687150160557025,2.890437550236809,-0.002185420026072762,75932721.99000001,2.892622970262882,-0.07560862284998042,0,21.947131994217536,
2025,603237,五芳斋,非金融,,1581381.84,1000367.12,581014.7200000001,2312690347.53,2242329052.6,121785839.02,净利润,140873475.72,121618636.47,142141306.84,23594079.77,24572430.35,978350.58,下滑,0.06837845117003873,0.02512289293811147,5.431220671149414,0.025911215810467625,121204824.3,5.405309455338945,0.4770790468541949,0,21.561677336408778,
2025,603357,设计总院,非金融,,5563189.62,447239.58,5115950.04,7156592860.84,2523294083.8,371959288.8,净利润,521856883.17,365718075.5,513099517.39,179785724.6,185170018.4,5384293.8,下滑,0.07773516990803113,0.07148583326562913,14.741020128729554,0.20274886200721967,366843338.76,14.538271266722333,1.3754059097448192,0,22.69129984723831,
2025,603698,航天工程,非金融,,648435.16,721156.84,-72721.67999999993,9296000390.8,4216967498.41,302233756.48,净利润,227826788.49,216505400.68,189206363.11,233605297.19,294363580.23,60758283.04,稳健,0.006975420963210574,-0.0007822899843245555,7.16708764281339,-0.001724501790147055,302306478.16,7.168812144603537,-0.02406140228906304,0,22.95285007909555,
2025,603882,金域医学,非金融,,9377015.58,7008256.02,2368759.5600000005,9604530325.3,6030452713.41,-178600830.71,净利润,-414703700.92,-173243555.22,-381241138.69,341275805.95,344417779.39,3141973.44,亏损,0.09763117260715305,0.024662940089431307,-2.9616488047877882,0.039279962426909634,-180969590.27,-3.000928767214698,1.3262869778283577,0,22.98550073299164,
2025,605006,山东玻纤,非金融,,391641.52,435157.24,-43515.71999999997,7641534341.61,2484754126.24,-13432142.05,净利润,-98930537.6,-13432142.05,-98930537.6,113138009.51,113138009.51,0,亏损,0.0051251686178705935,-0.0005694631216017229,-0.540582342057558,-0.0017513088937233879,-13388626.33,-0.5388310331638345,-0.32396709205439034,0,22.75686425001485,
2025,605266,健之佳,非金融,,10916163.86,5449659.76,5466504.1,9754128669.76,8920969592.77,148115819.96,净利润,127957923.76,148149264.09,128126430.37,,5466504.1,5466504.1,稳健,0.11191326493203407,0.05604297713385097,1.6603107814652844,0.06127701751646287,142649315.86,1.5990337639488217,3.690695633644183,0,23.000956485633836,
2025,605268,王力安防,非金融,,830778.14,1047502.87,-216724.72999999998,4359781032.26,3233061020.45,123313759.16,净利润,136205342.93,125682963.46,138840967.44,77251750.83,77251750.83,,下滑,0.019055501500022484,-0.004971000341447317,3.814148832329689,-0.0067033912638566505,123530483.89,3.820852223593546,-0.17575064735379525,0,22.195687671087473,
2025,688051,佳华科技,非金融,,4329406.17,4138963.93,190442.23999999976,919210666.58,206507122.05,-130204384.29,净利润,-105902792.52,-120764709.15,-103162840.88,48160034.18,49114489.31,954455.13,亏损,0.4709917244659395,0.02071801893994072,-63.050796019749185,0.09222066440589367,-130394826.53,-63.143016684155086,0.14626407631238741,0,20.639025888630794,
2025,688066,航天宏图,非金融,,70809969.06,44910180.71,25899788.35,3095894834.25,447813060.44,-1863930669.01,净利润,-1394088788.15,-1860187303.85,-1392889049.16,255313077.85,295737679.11,40424601.26,亏损,2.2872213964320323,0.8365848885908421,-416.22963545962455,5.78361611976035,-1889830457.36,-422.0132515793848,1.3895253069555586,0,21.853342823831454,
2025,688228,开普云,非金融,开普云,35493212.72,21663803.94,13829408.779999997,1920845598.31,418829990.7,-16771680.09,净利润,15392116.04,-11001805.84,20586786.42,56692049.13,87608834.29,30916785.16,亏损,1.847791032825734,0.719964623505783,-4.004412401788399,3.301914640087401,-30601088.869999997,-7.3063270418758,82.45690775037909,0,21.376031341817992,
2025,688400,凌云光,非金融,,219165.74,155958.73,63207.00999999998,6229461915.29,2911672425.43,161326683.9,净利润,100571099.07,161351703.23,107065006.86,484150018.8,510519436.38,26369417.58,稳健,0.003518213017115736,0.0010146463829381564,5.540687973379253,0.002170814596036348,161263476.89000002,5.5385171587832165,0.03917951356340994,0,22.552555796078277,
2025,688615,合合信息,非金融,,83612348.3,45513894.66,38098453.64,3865438207.83,1809640540.85,453891301.19,净利润,400529813.97,454142569.13,400530081.22,473894774.23,527836494.36,53941720.13,稳健,2.163075537739322,0.9856179711481641,25.081848629275534,2.105305047051218,415792847.55,22.976543582224313,8.393739545154205,0,22.075340891040184,
2025,688676,金盘科技,非金融,,4058685.06,2779001.67,1279683.3900000001,12390541072.33,7294986636.41,654113245.36,净利润,570511413.38,659538772.4,574421452.41,355715161.87,357341259.04,1626097.17,稳健,0.032756318197142115,0.010327905638097852,8.966613346421447,0.0175419566036348,652833561.97,8.949071389817812,0.19563636710883436,0,23.240199201717083,
2025,688787,海天瑞声,非金融,,12617065,14129503.48,-1512438.4800000004,861086529.72,376972016.48,15083473.92,净利润,11320489.61,14118462.8,11336089.3,58585818.81,58585818.81,,稳健,1.465249375588618,-0.17564303096133682,4.001218462007575,-0.4012070959861928,16595912.4,4.402425557993768,-10.027122982554939,0,20.573705556436387,
2025,835184,国源科技,非金融,,12015319.34,5477631.12,6537688.22,666511803.69,242543164.22,21901592.14,净利润,12225133.71,21752532,11856970.09,17013957.7,,,稳健,1.8027166621025696,0.9808810862471583,9.029977080753367,2.695474119431359,15363903.920000002,6.334502961322008,29.850287496039545,0,20.31756840738871,
2025,836208,青矩技术,非金融,,157112.9,0,157112.9,1623632500.08,966683150.49,183723138.61,净利润,183110083.73,188722942.29,184095801.91,15460474.66,,,稳健,0.009676629409195659,0.009676629409195659,19.0055178386913,0.016252781474505,183566025.71,18.989265057216794,0.08551612017336198,0,21.207931760023573,
