股票代码,简称,在2024名单,在2025名单,2024_存货中数据资源(元),2024_无形资产中数据资源(元),2024_开发支出中数据资源(元),2024_数据资源合计_期末(元),2024_来源,2025_存货中数据资源(元),2025_无形资产中数据资源(元),2025_开发支出中数据资源(元),2025_数据资源合计_期末(元),2025_来源,2025年报_数据资源合计_期初(元),衔接核对(2024期末=2025期初)
000034,神州数码,是,是,,7300572.67,6962633.01,14263205.68,资产负债表,,20401364.46,4248677.08,24650041.54,资产负债表,14263205.68,一致
000417,合百集团,,是,,,,,,,93656.11,,93656.11,资产负债表,0,
000421,南京公用,是,是,,1227645.77,,1227645.77,资产负债表,,1144683.29,,1144683.29,资产负债表,1227645.77,一致
000429,粤高速Ａ,,是,,,,,,,2507500,,2507500,资产负债表,0,
000501,武商集团,,是,,,,,,,247688.59,,247688.59,资产负债表,0,
000529,广弘控股,,是,,,,,,,5727088.18,,5727088.18,资产负债表,0,
000544,中原环保,,是,,,,,,,435782.98,,435782.98,资产负债表,0,
000546,金圆股份,,是,,,,,,,,,,,,
000547,航天发展,是,是,,7859011.72,,7859011.72,资产负债表,,28632314.84,,28632314.84,资产负债表,7859011.72,一致
000568,泸州老窖,,是,,,,,,,2856611.8,,2856611.8,资产负债表,0,
000598,兴蓉环境,是,,,317152.37,,317152.37,资产负债表,,,,,,,
000652,泰达股份,是,是,,3669229.56,,3669229.56,资产负债表,,3289654.08,,3289654.08,资产负债表,3669229.56,一致
000759,中百集团,,是,,,,,,,,383160.37,383160.37,资产负债表,0,
000783,长江证券,是,是,,872502.77,,872502.77,附注·无形资产明细,,573358.98,,573358.98,资产负债表,872502.77,一致
000786,北新建材,,是,,,,,,0,3421554.28,0,3421554.28,资产负债表,0,
000876,新希望,是,是,,4416276.52,,4416276.52,资产负债表,,3289259.07,,3289259.07,资产负债表,4416276.52,一致
000905,厦门港务,,是,,,,,,,57110.24,0,57110.24,资产负债表,0,
000906,浙商中拓,,是,,,,,,,1039577.63,,1039577.63,资产负债表,0,
000959,首钢股份,,是,,,,,,,1108661.95,,1108661.95,资产负债表,0,
000975,山金国际,,是,,,,,,,,1542427.14,1542427.14,资产负债表,0,
001210,金房能源,,是,,,,,,,125280.98,,125280.98,资产负债表,0,
001289,龙源电力,是,是,0,2408385.7,0,2408385.7,资产负债表,0,1469392.01,10570780.96,12040172.97,资产负债表,2408385.7,一致
001872,招商港口,是,是,,6251120.27,,6251120.27,附注·无形资产明细,,5616273.79,,5616273.79,资产负债表,6251120.27,一致
002044,美年健康,是,是,,8819943.16,532075.47,9352018.63,资产负债表,,14306238.32,2923534.49,17229772.81,资产负债表,9352018.63,一致
002061,浙江交科,是,是,,186680.51,,186680.51,资产负债表,,1291727.26,,1291727.26,资产负债表,186680.51,一致
002065,东华软件,是,是,,958850.35,,958850.35,资产负债表,,858796.39,,858796.39,资产负债表,958850.35,一致
002110,三钢闽光,,是,,,,,,,20510780.31,,20510780.31,资产负债表,0,
002120,韵达股份,是,是,,7968627.26,,7968627.26,资产负债表,,12350457.48,,12350457.48,资产负债表,7968627.26,一致
002142,宁波银行,是,是,,6000000,,6000000,附注·无形资产明细,,4000000,,4000000,附注·无形资产明细,6000000,一致
002152,广电运通,是,是,,3791969.47,,3791969.47,资产负债表,,3020721.43,,3020721.43,资产负债表,3791969.47,一致
002230,科大讯飞,是,是,,61740857.32,,61740857.32,资产负债表,,315402523.17,,315402523.17,资产负债表,61740857.32,一致
002238,天威视讯,是,是,,1120013.07,,1120013.07,资产负债表,,1330346.43,,1330346.43,资产负债表,1120013.07,一致
002347,泰尔股份,是,是,,3842179.24,,3842179.24,资产负债表,,2517887.35,,2517887.35,资产负债表,3842179.24,一致
002401,中远海科,是,是,,8320756.3,,8320756.3,资产负债表,,7387587.37,,7387587.37,资产负债表,8320756.3,一致
002410,广联达,是,是,,16695907.11,,16695907.11,资产负债表,,43833965.67,,43833965.67,资产负债表,16695907.11,一致
002465,海格通信,是,是,0,1332816.62,,1332816.62,资产负债表,,816887.61,,816887.61,资产负债表,1332816.62,一致
002468,申通快递,是,是,,1965759.65,,1965759.65,资产负债表,,5376935.25,,5376935.25,资产负债表,1965759.65,一致
002511,中顺洁柔,,是,,,,,,,11569437.95,,11569437.95,资产负债表,0,
002607,中公教育,,是,,,,,,4476448.89,,,4476448.89,资产负债表,0,
002609,捷顺科技,是,是,,3757021.32,,3757021.32,资产负债表,,6494472.33,,6494472.33,资产负债表,3381319.18,不一致
002625,光启技术,是,是,,2319182.39,,2319182.39,资产负债表,,1847484.23,,1847484.23,资产负债表,2319182.39,一致
002673,西部证券,,是,,,,,,,2027432,,2027432,附注·无形资产明细,0,
002761,浙江建投,,是,,,,,,,292442.02,,292442.02,资产负债表,0,
002967,广电计量,是,是,,,748290.09,748290.09,资产负债表,,564183.76,0,564183.76,资产负债表,748290.09,一致
003039,顺控发展,,是,,,,,,,437500,,437500,资产负债表,0,
300015,爱尔眼科,,是,,,,,,,13934527.21,,13934527.21,资产负债表,0,
300058,蓝色光标,是,是,6543103.89,,,6543103.89,资产负债表,4522447.77,,,4522447.77,资产负债表,6543103.89,一致
300075,数字政通,是,是,,,9221015.25,9221015.25,资产负债表,,7853405.44,13114781.31,20968186.75,资产负债表,9221015.25,一致
300226,上海钢联,是,是,,2158365.7,,2158365.7,资产负债表,,8593196.52,,8593196.52,资产负债表,2158365.7,一致
300229,拓尔思,是,是,,,39101610.24,39101610.24,资产负债表,,28206271.08,39897257.74,68103528.82,资产负债表,39101610.24,一致
300364,中文在线,是,是,,7018865.77,,7018865.77,资产负债表,,4206211.57,,4206211.57,资产负债表,7018865.77,一致
300597,吉大通信,是,是,,454496.51,,454496.51,资产负债表,,298667.89,,298667.89,资产负债表,454496.51,一致
300624,万兴科技,是,是,,17462755.16,,17462755.16,资产负债表,,13827541.16,,13827541.16,资产负债表,17462755.16,一致
300676,华大基因,是,是,,3502655.61,6119015.36,9621670.97,资产负债表,,18221083.22,383859.91,18604943.13,资产负债表,9621670.97,一致
300766,每日互动,是,是,,43691049.03,,43691049.03,资产负债表,,71892507.34,,71892507.34,资产负债表,43691049.03,一致
300937,药易购,是,是,,1685009.26,55360.57,1740369.83,资产负债表,,1002599.14,487268.84,1489867.98,资产负债表,1740369.83,一致
300989,蕾奥规划,是,是,,1792241.39,,1792241.39,资产负债表,,1416970.43,,1416970.43,资产负债表,1792241.39,一致
301078,孩子王,是,是,,8631037.82,1320876.44,9951914.26,资产负债表,,17832204.77,2832350.02,20664554.79,资产负债表,9951914.26,一致
301103,何氏眼科,是,是,,905087.41,,905087.41,资产负债表,,2723444.42,,2723444.42,资产负债表,905087.41,一致
301169,零点有数,是,是,,1238301.37,,1238301.37,资产负债表,,758958.85,,758958.85,资产负债表,1238301.37,一致
301178,天亿马,,是,,,,,,,99642.61,,99642.61,资产负债表,0,
301299,卓创资讯,是,是,,32048196.08,,32048196.08,资产负债表,,51264611.57,,51264611.57,资产负债表,32048196.08,一致
301339,苏交数智,是,是,,1141952.5,,1141952.5,资产负债表,,909690.94,,909690.94,资产负债表,1141952.5,一致
301428,世纪恒通,是,是,,2264150.96,305145.94,2569296.9,资产负债表,,2251160.04,0,2251160.04,资产负债表,2569296.9,一致
600008,首创环保,是,是,,331973.31,720074.39,1052047.7,资产负债表,,298497.03,989194.59,1287691.62,资产负债表,1052047.7,一致
600012,皖通高速,是,是,,762704.92,,762704.92,资产负债表,,1893688.34,,1893688.34,资产负债表,762704.92,一致
600017,日照港,是,是,,412075.08,451548.51,863623.5900000001,资产负债表,,2398107.68,2113000.81,4511108.49,资产负债表,863623.5900000001,一致
600018,上港集团,,是,,,,,,,177691.98,,177691.98,资产负债表,0,
600020,中原高速,是,是,,341916.7,,341916.7,资产负债表,,267316.78,,267316.78,资产负债表,341916.7,一致
600022,山东钢铁,,是,,,,,,,3868012.44,,3868012.44,资产负债表,0,
600029,南方航空,,是,,,,,,,,,,,,
600030,中信证券,,是,,,,,,,4921329.59,,4921329.59,资产负债表,0,
600050,中国联通,是,是,,166759242,212440640,379199882,资产负债表,,310425542,133566348,443991890,资产负债表,379199882,一致
600075,新疆天业,是,是,,1770865.78,,1770865.78,资产负债表,,1410689.69,,1410689.69,资产负债表,1770865.78,一致
600100,同方股份,是,是,,93437068.72,,93437068.72,附注·无形资产明细,0,159859372.04,0,159859372.04,资产负债表,93437068.72,一致
600121,郑州煤电,,是,,,,,,,848430.1,,848430.1,资产负债表,0,
600133,东湖高新,,是,,,,,,,13391433.85,,13391433.85,资产负债表,0,
600170,上海建工,,是,,,,,,,903473.9,,903473.9,资产负债表,747039.94,
600233,圆通速递,是,是,,3978104.01,6254472.03,10232576.04,资产负债表,,18970642.66,11465714.66,30436357.32,资产负债表,10232576.04,一致
600271,航天信息,,是,,,,,,,17144659.45,,17144659.45,资产负债表,0,
600282,南钢股份,是,是,,747572.31,9575476.22,10323048.53,资产负债表,,4537783.64,28346277.06,32884060.7,资产负债表,10323048.53,一致
600350,山东高速,是,是,,2580164.9,,2580164.9,资产负债表,,5227561.03,,5227561.03,资产负债表,2580164.9,一致
600415,小商品城,是,是,,24025216.31,2767924.53,26793140.84,资产负债表,,29020570.76,0,29020570.76,资产负债表,26793140.84,一致
600449,宁夏建材,,是,,,,,,,20613237.86,6908438.12,27521675.98,资产负债表,0,
600547,山东黄金,是,是,,2350831.58,,2350831.58,资产负债表,,4962644.23,1542427.14,6505071.37,资产负债表,2350831.58,一致
600558,大西洋,是,是,,974333.07,,974333.07,资产负债表,,465985.35,,465985.35,资产负债表,974333.07,一致
600567,山鹰国际,是,是,,,7680913.71,7680913.71,资产负债表,,10485962.04,19891286.96,30377249,资产负债表,7680913.71,一致
600597,光明乳业,是,,,,233241,233241,资产负债表,,,,,,,
600600,青岛啤酒,,是,,,,,,,470776,,470776,资产负债表,0,
600601,方正科技,是,是,,890098.73,,890098.73,资产负债表,,705940.38,,705940.38,资产负债表,890098.73,一致
600704,物产中大,是,是,,1231868.5,,1231868.5,资产负债表,,4850061.55,,4850061.55,资产负债表,1231868.5,一致
600733,北汽蓝谷,是,是,,9618093.6,2230607.06,11848700.66,资产负债表,,9265426.11,5172247.41,14437673.52,资产负债表,11848700.66,一致
600790,轻纺城,是,是,,822820.14,,822820.14,资产负债表,,540710.34,,540710.34,资产负债表,822820.14,一致
600810,神马股份,是,,4594606.6,26772194,,31366800.6,资产负债表,,,,,,,
600820,隧道股份,是,是,,121780.1,129553.8,251333.9,资产负债表,,0,129553.8,129553.8,资产负债表,251333.9,一致
600874,创业环保,是,是,0,0,454099.24,454099.24,资产负债表,0,1094498.55,0,1094498.55,资产负债表,454099.24,一致
600918,中泰证券,,是,,,,,,,3976956.98,,3976956.98,资产负债表,0,
600926,杭州银行,是,是,,,,,,,5318000,,5318000,附注·无形资产明细,3274000,
600941,中国移动,是,是,,560000000,56000000,616000000,资产负债表,,1105000000,131000000,1236000000,资产负债表,616000000,一致
600958,东方证券,是,是,,4104323.92,,4104323.92,资产负债表,,5871786.38,,5871786.38,资产负债表,4104323.92,一致
600970,中材国际,是,是,,6550976.04,,6550976.04,资产负债表,,19894645.47,,19894645.47,资产负债表,6550976.04,一致
600998,九州通,是,是,,14614070.05,,14614070.05,资产负债表,,45624669.39,,45624669.39,资产负债表,14614070.05,一致
600999,招商证券,,是,,,,,,,5247174.75,,5247174.75,资产负债表,0,
601059,信达证券,,是,,,,,,,,,,,,
601066,中信建投,是,是,,2029016.63,,2029016.63,资产负债表,,1618302.1,,1618302.1,资产负债表,2029016.63,一致
601077,渝农商行,,是,,,,,,,1353600,,1353600,附注·文字说明,0,
601108,财通证券,,是,,,,,,,957508.94,,957508.94,资产负债表,0,
601211,国泰海通,是,是,,6328474,,6328474,资产负债表,,9015249,,9015249,资产负债表,6328474,一致
601298,青岛港,是,是,,186707,,186707,资产负债表,,100534,,100534,资产负债表,186707,一致
601368,绿城水务,是,是,,407820.84,,407820.84,资产负债表,,194867.16,,194867.16,资产负债表,407820.84,一致
601588,北辰实业,是,是,,43823,,43823,资产负债表,,23091,,23091,资产负债表,43823,一致
601665,齐鲁银行,是,是,,,,,,,,,,,,
601727,上海电气,是,是,,221000,,221000,资产负债表,,106000,,106000,资产负债表,221000,一致
601728,中国电信,是,是,,,371186439.06,371186439.06,资产负债表,,209308349.48,210422803.67,419731153.15,资产负债表,371186439.06,一致
601800,中国交建,是,是,,,,,,,,,,,,
601818,光大银行,是,,,18090000,,18090000,附注·文字说明,,,,,,,
601900,南方传媒,,是,,,,,,,527021.28,,527021.28,资产负债表,0,
601929,吉视传媒,是,是,,,4410000,4410000,资产负债表,,4064342.83,0,4064342.83,资产负债表,4410000,一致
601992,金隅集团,,是,,,,,,,455642.12,,455642.12,资产负债表,0,
601998,中信银行,是,是,,4940000,,4940000,附注·文字说明,,15400000,,15400000,附注·文字说明,4940000,一致
603000,人民网,是,是,,5450546.87,,5450546.87,资产负债表,,4900911.95,,4900911.95,资产负债表,5450546.87,一致
603018,华设集团,是,是,,637837.94,,637837.94,资产负债表,,318918.97,,318918.97,资产负债表,637837.94,一致
603209,兴通股份,是,是,,196934.08,,196934.08,资产负债表,,175450.36,,175450.36,资产负债表,196934.08,一致
603213,镇洋发展,是,是,,958318.58,,958318.58,资产负债表,,900950.27,,900950.27,资产负债表,958318.58,一致
603237,五芳斋,是,是,,1000367.12,,1000367.12,资产负债表,,1581381.84,,1581381.84,资产负债表,1000367.12,一致
603357,设计总院,是,是,,447239.58,,447239.58,资产负债表,,5563189.62,,5563189.62,资产负债表,447239.58,一致
603698,航天工程,是,是,,721156.84,,721156.84,资产负债表,,648435.16,,648435.16,资产负债表,721156.84,一致
603882,金域医学,是,是,,3653847.59,3354408.43,7008256.02,资产负债表,,2880633.71,6496381.87,9377015.58,资产负债表,7008256.02,一致
605006,山东玻纤,是,是,,435157.24,,435157.24,附注·无形资产明细,,391641.52,,391641.52,资产负债表,435157.24,一致
605266,健之佳,是,是,,,5449659.76,5449659.76,资产负债表,,,10916163.86,10916163.86,资产负债表,5449659.76,一致
605268,王力安防,是,是,,1047502.87,,1047502.87,资产负债表,,830778.14,,830778.14,资产负债表,1047502.87,一致
688051,佳华科技,是,是,,,4138963.93,4138963.93,资产负债表,,4329406.17,0,4329406.17,资产负债表,4138963.93,一致
688066,,是,是,,44910180.71,,44910180.71,资产负债表,,70809969.06,,70809969.06,资产负债表,44910180.71,一致
688228,开普云,是,是,,6841456.27,14822347.67,21663803.94,资产负债表,,35493212.72,0,35493212.72,资产负债表,21663803.94,一致
688400,凌云光,是,是,,155958.73,,155958.73,资产负债表,,219165.74,,219165.74,资产负债表,155958.73,一致
688615,合合信息,是,是,,45513894.66,,45513894.66,资产负债表,,83612348.3,,83612348.3,资产负债表,45513894.66,一致
688676,金盘科技,是,是,,1619141.05,1159860.62,2779001.67,资产负债表,,4058685.06,0,4058685.06,资产负债表,2779001.67,一致
688787,海天瑞声,是,是,14129503.48,,,14129503.48,资产负债表,12617065,,,12617065,资产负债表,14129503.48,一致
835184,国源科技,是,是,,5477631.12,,5477631.12,资产负债表,,12015319.34,,12015319.34,资产负债表,5477631.12,一致
836208,青矩技术,,是,,,,,,,157112.9,,157112.9,资产负债表,0,
